Date,Close,v7_Bull,v7_Neut,v7_Bear,v7_label
2016-08-17,660.51,0.0,1.0,0.0,Neutral
2016-08-18,660.65,0.0,1.0,0.0,Neutral
2016-08-19,662.28,0.0,1.0,0.0,Neutral
2016-08-22,657.68,0.0,1.0,0.0,Neutral
2016-08-23,659.16,0.0,1.0,0.0,Neutral
2016-08-24,660.77,0.0,1.0,0.0,Neutral
2016-08-25,658.5,0.0,1.0,0.0,Neutral
2016-08-26,667.75,0.0,1.0,0.0,Neutral
2016-08-29,669.44,0.0,1.0,0.0,Neutral
2016-08-30,672.67,0.0,1.0,0.0,Neutral
2016-08-31,674.63,0.0,1.0,0.0,Neutral
2016-09-01,669.19,0.0,1.0,0.0,Neutral
2016-09-05,664.55,0.0,1.0,0.0,Neutral
2016-09-06,663.9,0.0,1.0,0.0,Neutral
2016-09-07,661.28,0.0,1.0,0.0,Neutral
2016-09-08,666.07,0.0,1.0,0.0,Neutral
2016-09-09,666.88,0.0,1.0,0.0,Neutral
2016-09-12,659.76,0.0,1.0,0.0,Neutral
2016-09-13,659.72,0.0,1.0,0.0,Neutral
2016-09-14,656.64,0.0,1.0,0.0,Neutral
2016-09-15,656.18,0.0,1.0,0.0,Neutral
2016-09-16,651.31,0.0,1.0,0.0,Neutral
2016-09-19,657.89,0.0,1.0,0.0,Neutral
2016-09-20,663.37,0.05,0.95,0.0,Neutral
2016-09-21,668.48,0.15,0.85,0.0,Neutral
2016-09-22,671.38,0.25,0.75,0.0,Neutral
2016-09-23,674.09,0.35,0.65,0.0,Neutral
2016-09-26,677.04,0.5,0.5,0.0,Bull
2016-09-27,684.89,0.6,0.4,0.0,Bull
2016-09-28,686.72,0.65,0.35,0.0,Bull
2016-09-29,688.55,0.7,0.3,0.0,Bull
2016-09-30,685.73,0.65,0.35,0.0,Bull
2016-10-03,683.05,0.6,0.4,0.0,Bull
2016-10-04,684.2,0.5,0.5,0.0,Bull
2016-10-05,687.04,0.4,0.6,0.0,Neutral
2016-10-06,687.32,0.3,0.7,0.0,Neutral
2016-10-07,683.95,0.2,0.8,0.0,Neutral
2016-10-10,674.19,0.1,0.9,0.0,Neutral
2016-10-11,682.36,0.05,0.95,0.0,Neutral
2016-10-12,682.45,0.0,1.0,0.0,Neutral
2016-10-13,685.23,0.0,1.0,0.0,Neutral
2016-10-17,680.95,0.0,1.0,0.0,Neutral
2016-10-18,682.02,0.0,1.0,0.0,Neutral
2016-10-19,688.89,0.0,1.0,0.0,Neutral
2016-10-20,686.39,0.0,1.0,0.0,Neutral
2016-10-21,684.83,0.0,1.0,0.0,Neutral
2016-10-24,678.02,0.0,1.0,0.0,Neutral
2016-10-25,676.18,0.0,1.0,0.0,Neutral
2016-10-26,673.61,0.0,1.0,0.0,Neutral
2016-10-27,676.9,0.0,1.0,0.0,Neutral
2016-10-28,682.25,0.0,1.0,0.0,Neutral
2016-10-31,675.8,0.0,1.0,0.0,Neutral
2016-11-01,676.6,0.0,1.0,0.0,Neutral
2016-11-02,671.4,0.0,1.0,0.0,Neutral
2016-11-03,667.63,0.0,1.0,0.0,Neutral
2016-11-04,666.73,0.0,1.0,0.0,Neutral
2016-11-07,674.14,0.0,1.0,0.0,Neutral
2016-11-08,676.46,0.0,1.0,0.0,Neutral
2016-11-09,670.26,0.0,1.0,0.0,Neutral
2016-11-10,678.17,0.0,1.0,0.0,Neutral
2016-11-11,679.2,0.0,1.0,0.0,Neutral
2016-11-14,673.05,0.0,1.0,0.0,Neutral
2016-11-15,674.26,0.0,1.0,0.0,Neutral
2016-11-16,674.6,0.0,1.0,0.0,Neutral
2016-11-17,674.57,0.0,1.0,0.0,Neutral
2016-11-18,673.25,0.0,1.0,0.0,Neutral
2016-11-21,674.29,0.0,1.0,0.0,Neutral
2016-11-22,681.91,0.0,1.0,0.0,Neutral
2016-11-23,683.16,0.0,1.0,0.0,Neutral
2016-11-24,678.18,0.0,1.0,0.0,Neutral
2016-11-25,675.87,0.0,1.0,0.0,Neutral
2016-11-28,665.29,0.0,1.0,0.0,Neutral
2016-11-29,658.26,0.0,1.0,0.0,Neutral
2016-11-30,665.07,0.0,1.0,0.0,Neutral
2016-12-01,666.54,0.0,1.0,0.0,Neutral
2016-12-02,665.14,0.0,1.0,0.0,Neutral
2016-12-05,660.21,0.0,1.0,0.0,Neutral
2016-12-06,651.49,0.0,0.95,0.05,Neutral
2016-12-07,653.53,0.0,0.95,0.05,Neutral
2016-12-08,658.89,0.0,1.0,0.0,Neutral
2016-12-09,663.07,0.0,1.0,0.0,Neutral
2016-12-12,659.7,0.0,1.0,0.0,Neutral
2016-12-13,654.66,0.0,1.0,0.0,Neutral
2016-12-14,665.14,0.0,1.0,0.0,Neutral
2016-12-15,665.92,0.0,1.0,0.0,Neutral
2016-12-16,675.16,0.0,1.0,0.0,Neutral
2016-12-19,674.33,0.0,1.0,0.0,Neutral
2016-12-20,662.66,0.0,1.0,0.0,Neutral
2016-12-21,666.94,0.0,1.0,0.0,Neutral
2016-12-22,664.15,0.0,1.0,0.0,Neutral
2016-12-23,664.37,0.0,1.0,0.0,Neutral
2016-12-26,662.45,0.0,1.0,0.0,Neutral
2016-12-27,663.86,0.0,1.0,0.0,Neutral
2016-12-28,663.5,0.0,1.0,0.0,Neutral
2016-12-29,664.72,0.0,1.0,0.0,Neutral
2016-12-30,664.87,0.0,1.0,0.0,Neutral
2017-01-03,672.01,0.05,0.95,0.0,Neutral
2017-01-04,674.7,0.1,0.9,0.0,Neutral
2017-01-05,675.81,0.15,0.85,0.0,Neutral
2017-01-06,679.8,0.25,0.75,0.0,Neutral
2017-01-09,682.57,0.3,0.7,0.0,Neutral
2017-01-10,681.07,0.35,0.65,0.0,Neutral
2017-01-11,687.16,0.4,0.6,0.0,Neutral
2017-01-12,686.96,0.4,0.6,0.0,Neutral
2017-01-13,685.06,0.4,0.6,0.0,Neutral
2017-01-16,677.94,0.4,0.6,0.0,Neutral
2017-01-17,684.71,0.4,0.6,0.0,Neutral
2017-01-18,683.28,0.4,0.6,0.0,Neutral
2017-01-19,682.31,0.45,0.55,0.0,Neutral
2017-01-20,686.26,0.55,0.45,0.0,Bull
2017-01-23,687.15,0.65,0.35,0.0,Bull
2017-01-24,691.36,0.75,0.25,0.0,Bull
2017-01-25,697.28,0.85,0.15,0.0,Bull
2017-02-02,703.18,0.95,0.05,0.0,Bull
2017-02-03,700.35,1.0,0.0,0.0,Bull
2017-02-06,700.04,1.0,0.0,0.0,Bull
2017-02-07,701.91,1.0,0.0,0.0,Bull
2017-02-08,702.04,1.0,0.0,0.0,Bull
2017-02-09,700.65,1.0,0.0,0.0,Bull
2017-02-10,703.78,1.0,0.0,0.0,Bull
2017-02-13,705.9,1.0,0.0,0.0,Bull
2017-02-14,706.26,1.0,0.0,0.0,Bull
2017-02-15,711.57,1.0,0.0,0.0,Bull
2017-02-16,709.35,1.0,0.0,0.0,Bull
2017-02-17,707.83,1.0,0.0,0.0,Bull
2017-02-20,710.59,1.0,0.0,0.0,Bull
2017-02-21,716.55,1.0,0.0,0.0,Bull
2017-02-22,717.24,1.0,0.0,0.0,Bull
2017-02-23,716.87,1.0,0.0,0.0,Bull
2017-02-24,714.47,1.0,0.0,0.0,Bull
2017-02-27,717.44,1.0,0.0,0.0,Bull
2017-02-28,710.79,1.0,0.0,0.0,Bull
2017-03-01,709.52,1.0,0.0,0.0,Bull
2017-03-02,707.51,1.0,0.0,0.0,Bull
2017-03-03,712.62,1.0,0.0,0.0,Bull
2017-03-06,716.29,1.0,0.0,0.0,Bull
2017-03-07,716.54,1.0,0.0,0.0,Bull
2017-03-08,716.6,1.0,0.0,0.0,Bull
2017-03-09,715.8,1.0,0.0,0.0,Bull
2017-03-10,712.21,1.0,0.0,0.0,Bull
2017-03-13,710.17,1.0,0.0,0.0,Bull
2017-03-14,714.71,1.0,0.0,0.0,Bull
2017-03-15,713.14,1.0,0.0,0.0,Bull
2017-03-16,714.92,1.0,0.0,0.0,Bull
2017-03-17,710.54,1.0,0.0,0.0,Bull
2017-03-20,715.07,1.0,0.0,0.0,Bull
2017-03-21,716.18,1.0,0.0,0.0,Bull
2017-03-22,712.94,1.0,0.0,0.0,Bull
2017-03-23,719.56,1.0,0.0,0.0,Bull
2017-03-24,722.14,1.0,0.0,0.0,Bull
2017-03-27,723.52,1.0,0.0,0.0,Bull
2017-03-28,719.26,1.0,0.0,0.0,Bull
2017-03-29,720.47,1.0,0.0,0.0,Bull
2017-03-30,723.86,1.0,0.0,0.0,Bull
2017-03-31,722.31,1.0,0.0,0.0,Bull
2017-04-03,722.38,1.0,0.0,0.0,Bull
2017-04-04,724.14,1.0,0.0,0.0,Bull
2017-04-05,723.22,1.0,0.0,0.0,Bull
2017-04-07,727.95,1.0,0.0,0.0,Bull
2017-04-10,729.87,1.0,0.0,0.0,Bull
2017-04-11,731.33,0.95,0.05,0.0,Bull
2017-04-12,725.58,0.85,0.15,0.0,Bull
2017-04-13,724.35,0.7,0.3,0.0,Bull
2017-04-14,718.45,0.55,0.45,0.0,Bull
2017-04-17,710.83,0.4,0.6,0.0,Neutral
2017-04-18,714.93,0.3,0.7,0.0,Neutral
2017-04-19,716.77,0.2,0.8,0.0,Neutral
2017-04-20,712.66,0.1,0.9,0.0,Neutral
2017-04-21,712.41,0.05,0.95,0.0,Neutral
2017-04-24,709.39,0.0,1.0,0.0,Neutral
2017-04-25,707.58,0.0,1.0,0.0,Neutral
2017-04-26,710.04,0.0,1.0,0.0,Neutral
2017-04-27,716.53,0.0,1.0,0.0,Neutral
2017-04-28,717.73,0.0,1.0,0.0,Neutral
2017-05-03,719.54,0.0,1.0,0.0,Neutral
2017-05-04,722.02,0.0,1.0,0.0,Neutral
2017-05-05,720.0,0.0,1.0,0.0,Neutral
2017-05-08,718.86,0.0,1.0,0.0,Neutral
2017-05-09,722.11,0.05,0.95,0.0,Neutral
2017-05-10,724.31,0.1,0.9,0.0,Neutral
2017-05-11,724.99,0.15,0.85,0.0,Neutral
2017-05-12,725.37,0.2,0.8,0.0,Neutral
2017-05-15,725.35,0.3,0.7,0.0,Neutral
2017-05-16,725.03,0.4,0.6,0.0,Neutral
2017-05-17,727.2,0.5,0.5,0.0,Bull
2017-05-18,726.99,0.65,0.35,0.0,Bull
2017-05-19,733.82,0.8,0.2,0.0,Bull
2017-05-22,744.1,0.9,0.1,0.0,Bull
2017-05-23,740.93,0.95,0.05,0.0,Bull
2017-05-24,742.74,1.0,0.0,0.0,Bull
2017-05-25,741.91,1.0,0.0,0.0,Bull
2017-05-26,743.41,1.0,0.0,0.0,Bull
2017-05-29,746.25,1.0,0.0,0.0,Bull
2017-05-30,738.21,1.0,0.0,0.0,Bull
2017-05-31,737.82,1.0,0.0,0.0,Bull
2017-06-01,741.8,1.0,0.0,0.0,Bull
2017-06-02,738.81,1.0,0.0,0.0,Bull
2017-06-05,743.49,1.0,0.0,0.0,Bull
2017-06-06,751.31,1.0,0.0,0.0,Bull
2017-06-07,753.46,1.0,0.0,0.0,Bull
2017-06-08,750.13,1.0,0.0,0.0,Bull
2017-06-09,749.72,1.0,0.0,0.0,Bull
2017-06-12,751.09,1.0,0.0,0.0,Bull
2017-06-13,756.89,1.0,0.0,0.0,Bull
2017-06-14,760.77,1.0,0.0,0.0,Bull
2017-06-15,760.57,1.0,0.0,0.0,Bull
2017-06-16,761.24,1.0,0.0,0.0,Bull
2017-06-19,766.83,1.0,0.0,0.0,Bull
2017-06-20,767.99,1.0,0.0,0.0,Bull
2017-06-21,767.41,1.0,0.0,0.0,Bull
2017-06-22,766.3,1.0,0.0,0.0,Bull
2017-06-23,769.01,1.0,0.0,0.0,Bull
2017-06-26,772.52,1.0,0.0,0.0,Bull
2017-06-27,767.51,1.0,0.0,0.0,Bull
2017-06-28,769.04,1.0,0.0,0.0,Bull
2017-06-29,771.75,1.0,0.0,0.0,Bull
2017-06-30,776.47,1.0,0.0,0.0,Bull
2017-07-03,778.88,1.0,0.0,0.0,Bull
2017-07-04,775.54,1.0,0.0,0.0,Bull
2017-07-05,778.32,1.0,0.0,0.0,Bull
2017-07-06,782.65,1.0,0.0,0.0,Bull
2017-07-07,775.73,1.0,0.0,0.0,Bull
2017-07-10,766.56,1.0,0.0,0.0,Bull
2017-07-11,769.36,1.0,0.0,0.0,Bull
2017-07-12,774.17,1.0,0.0,0.0,Bull
2017-07-13,778.3,1.0,0.0,0.0,Bull
2017-07-14,777.6,1.0,0.0,0.0,Bull
2017-07-17,768.91,0.95,0.05,0.0,Bull
2017-07-18,767.49,0.9,0.1,0.0,Bull
2017-07-19,771.3,0.85,0.15,0.0,Bull
2017-07-20,768.41,0.8,0.2,0.0,Bull
2017-07-21,761.86,0.75,0.25,0.0,Bull
2017-07-24,759.74,0.75,0.25,0.0,Bull
2017-07-25,767.27,0.8,0.2,0.0,Bull
2017-07-26,773.88,0.85,0.15,0.0,Bull
2017-07-27,771.5,0.9,0.1,0.0,Bull
2017-07-28,777.09,0.95,0.05,0.0,Bull
2017-07-31,783.55,1.0,0.0,0.0,Bull
2017-08-01,786.81,1.0,0.0,0.0,Bull
2017-08-02,786.23,1.0,0.0,0.0,Bull
2017-08-03,788.49,1.0,0.0,0.0,Bull
2017-08-04,788.68,0.95,0.05,0.0,Bull
2017-08-07,792.98,0.85,0.15,0.0,Bull
2017-08-08,791.57,0.75,0.25,0.0,Bull
2017-08-09,773.66,0.6,0.4,0.0,Bull
2017-08-10,773.43,0.45,0.55,0.0,Neutral
2017-08-11,772.08,0.35,0.65,0.0,Neutral
2017-08-14,776.17,0.25,0.75,0.0,Neutral
2017-08-15,771.06,0.15,0.85,0.0,Neutral
2017-08-16,773.57,0.05,0.95,0.0,Neutral
2017-08-17,767.59,0.0,1.0,0.0,Neutral
2017-08-18,768.97,0.0,1.0,0.0,Neutral
2017-08-21,768.79,0.0,1.0,0.0,Neutral
2017-08-22,761.26,0.0,1.0,0.0,Neutral
2017-08-23,765.98,0.0,1.0,0.0,Neutral
2017-08-24,769.77,0.0,1.0,0.0,Neutral
2017-08-25,771.63,0.0,1.0,0.0,Neutral
2017-08-28,777.26,0.05,0.95,0.0,Neutral
2017-08-29,774.03,0.15,0.85,0.0,Neutral
2017-08-30,778.65,0.3,0.7,0.0,Neutral
2017-08-31,782.76,0.45,0.55,0.0,Neutral
2017-09-01,788.73,0.6,0.4,0.0,Bull
2017-09-05,792.31,0.75,0.25,0.0,Bull
2017-09-06,793.55,0.85,0.15,0.0,Bull
2017-09-07,796.72,0.95,0.05,0.0,Bull
2017-09-08,801.2,1.0,0.0,0.0,Bull
2017-09-11,797.47,1.0,0.0,0.0,Bull
2017-09-12,799.94,1.0,0.0,0.0,Bull
2017-09-13,802.78,1.0,0.0,0.0,Bull
2017-09-14,806.32,1.0,0.0,0.0,Bull
2017-09-15,805.82,1.0,0.0,0.0,Bull
2017-09-18,807.87,1.0,0.0,0.0,Bull
2017-09-19,805.93,1.0,0.0,0.0,Bull
2017-09-20,805.86,1.0,0.0,0.0,Bull
2017-09-21,803.93,1.0,0.0,0.0,Bull
2017-09-22,807.13,1.0,0.0,0.0,Bull
2017-09-25,805.58,1.0,0.0,0.0,Bull
2017-09-26,805.35,1.0,0.0,0.0,Bull
2017-09-27,803.77,1.0,0.0,0.0,Bull
2017-09-28,804.82,1.0,0.0,0.0,Bull
2017-09-29,804.42,0.95,0.05,0.0,Bull
2017-10-02,802.23,0.9,0.1,0.0,Bull
2017-10-03,798.0,0.85,0.15,0.0,Bull
2017-10-04,805.66,0.85,0.15,0.0,Bull
2017-10-05,805.23,0.85,0.15,0.0,Bull
2017-10-06,807.8,0.85,0.15,0.0,Bull
2017-10-09,808.96,0.9,0.1,0.0,Bull
2017-10-10,810.65,0.95,0.05,0.0,Bull
2017-10-11,813.95,1.0,0.0,0.0,Bull
2017-10-12,815.87,1.0,0.0,0.0,Bull
2017-10-13,820.95,1.0,0.0,0.0,Bull
2017-10-16,819.43,1.0,0.0,0.0,Bull
2017-10-17,828.29,1.0,0.0,0.0,Bull
2017-10-18,827.72,1.0,0.0,0.0,Bull
2017-10-19,828.93,1.0,0.0,0.0,Bull
2017-10-20,826.84,1.0,0.0,0.0,Bull
2017-10-23,820.04,1.0,0.0,0.0,Bull
2017-10-24,825.24,1.0,0.0,0.0,Bull
2017-10-25,830.69,1.0,0.0,0.0,Bull
2017-10-26,830.11,1.0,0.0,0.0,Bull
2017-10-27,840.37,1.0,0.0,0.0,Bull
2017-10-30,845.2,1.0,0.0,0.0,Bull
2017-10-31,837.28,1.0,0.0,0.0,Bull
2017-11-01,842.71,1.0,0.0,0.0,Bull
2017-11-02,833.09,1.0,0.0,0.0,Bull
2017-11-03,843.73,1.0,0.0,0.0,Bull
2017-11-06,849.09,1.0,0.0,0.0,Bull
2017-11-07,850.33,1.0,0.0,0.0,Bull
2017-11-08,859.7,1.0,0.0,0.0,Bull
2017-11-09,860.4,1.0,0.0,0.0,Bull
2017-11-10,868.21,1.0,0.0,0.0,Bull
2017-11-13,879.34,1.0,0.0,0.0,Bull
2017-11-14,880.9,1.0,0.0,0.0,Bull
2017-11-15,882.59,1.0,0.0,0.0,Bull
2017-11-16,892.8,1.0,0.0,0.0,Bull
2017-11-17,890.69,1.0,0.0,0.0,Bull
2017-12-07,938.65,1.0,0.0,0.0,Bull
2017-12-08,940.16,1.0,0.0,0.0,Bull
2017-12-11,917.45,1.0,0.0,0.0,Bull
2017-12-12,927.25,1.0,0.0,0.0,Bull
2017-12-13,924.4,1.0,0.0,0.0,Bull
2017-12-14,935.85,1.0,0.0,0.0,Bull
2017-12-15,935.16,1.0,0.0,0.0,Bull
2017-12-18,958.06,1.0,0.0,0.0,Bull
2017-12-19,951.42,1.0,0.0,0.0,Bull
2017-12-20,953.51,1.0,0.0,0.0,Bull
2017-12-21,946.06,1.0,0.0,0.0,Bull
2017-12-22,952.32,1.0,0.0,0.0,Bull
2017-12-25,958.31,1.0,0.0,0.0,Bull
2017-12-26,965.93,1.0,0.0,0.0,Bull
2017-12-27,968.46,1.0,0.0,0.0,Bull
2017-12-28,976.72,1.0,0.0,0.0,Bull
2017-12-29,984.24,1.0,0.0,0.0,Bull
2018-01-02,995.77,1.0,0.0,0.0,Bull
2018-01-03,1005.67,1.0,0.0,0.0,Bull
2018-01-04,1019.75,1.0,0.0,0.0,Bull
2018-01-05,1012.65,1.0,0.0,0.0,Bull
2018-01-08,1022.9,1.0,0.0,0.0,Bull
2018-01-09,1033.56,1.0,0.0,0.0,Bull
2018-01-10,1038.11,1.0,0.0,0.0,Bull
2018-01-31,1110.36,1.0,0.0,0.0,Bull
2018-02-01,1099.67,1.0,0.0,0.0,Bull
2018-02-02,1105.04,1.0,0.0,0.0,Bull
2018-02-05,1048.71,0.85,0.0,0.15,Bull
2018-02-06,1011.6,0.6,0.0,0.4,Bull
2018-02-07,1040.55,0.4,0.0,0.6,Bear
2018-02-08,1023.25,0.25,0.0,0.75,Bear
2018-02-09,1003.94,0.2,0.0,0.8,Bear
2018-02-12,1041.79,0.35,0.0,0.65,Bear
2018-02-13,1059.73,0.55,0.0,0.45,Bull
2018-02-21,1087.15,0.75,0.0,0.25,Bull
2018-02-22,1076.03,0.9,0.0,0.1,Bull
2018-02-23,1102.85,1.0,0.0,0.0,Bull
2018-02-26,1114.53,1.0,0.0,0.0,Bull
2018-02-27,1119.61,1.0,0.0,0.0,Bull
2018-02-28,1124.87,1.0,0.0,0.0,Bull
2018-03-01,1115.79,1.0,0.0,0.0,Bull
2018-03-02,1121.21,1.0,0.0,0.0,Bull
2018-03-05,1093.48,1.0,0.0,0.0,Bull
2018-03-06,1120.29,1.0,0.0,0.0,Bull
2018-03-07,1112.26,1.0,0.0,0.0,Bull
2018-03-08,1124.15,1.0,0.0,0.0,Bull
2018-03-09,1123.41,1.0,0.0,0.0,Bull
2018-03-12,1126.29,1.0,0.0,0.0,Bull
2018-03-13,1133.31,1.0,0.0,0.0,Bull
2018-03-14,1138.09,1.0,0.0,0.0,Bull
2018-03-15,1138.76,1.0,0.0,0.0,Bull
2018-03-16,1150.19,1.0,0.0,0.0,Bull
2018-03-19,1159.22,1.0,0.0,0.0,Bull
2018-03-20,1159.39,1.0,0.0,0.0,Bull
2018-03-21,1169.36,1.0,0.0,0.0,Bull
2018-03-23,1153.59,0.95,0.05,0.0,Bull
2018-03-26,1171.22,0.9,0.1,0.0,Bull
2018-03-27,1171.73,0.85,0.15,0.0,Bull
2018-03-28,1172.24,0.75,0.25,0.0,Bull
2018-03-29,1167.03,0.65,0.35,0.0,Bull
2018-03-30,1174.46,0.6,0.4,0.0,Bull
2018-04-03,1188.29,0.55,0.45,0.0,Bull
2018-04-11,1167.11,0.45,0.55,0.0,Neutral
2018-04-12,1173.02,0.35,0.65,0.0,Neutral
2018-04-13,1157.14,0.3,0.7,0.0,Neutral
2018-04-16,1148.49,0.15,0.7,0.15,Neutral
2018-04-17,1153.28,0.0,0.7,0.3,Neutral
2018-04-18,1138.53,0.0,0.5,0.5,Neutral
2018-04-19,1094.63,0.0,0.25,0.75,Bear
2018-04-20,1119.86,0.0,0.1,0.9,Bear
2018-04-23,1076.78,0.0,0.0,1.0,Bear
2018-04-24,1080.74,0.0,0.0,1.0,Bear
2018-04-26,1044.86,0.0,0.0,1.0,Bear
2018-04-27,1050.26,0.0,0.0,1.0,Bear
2018-05-02,1029.08,0.0,0.0,1.0,Bear
2018-05-03,1026.46,0.0,0.0,1.0,Bear
2018-05-04,1026.8,0.0,0.0,1.0,Bear
2018-05-07,1062.26,0.0,0.0,1.0,Bear
2018-05-08,1060.45,0.0,0.0,1.0,Bear
2018-05-09,1056.97,0.0,0.0,1.0,Bear
2018-05-10,1028.87,0.0,0.0,1.0,Bear
2018-05-11,1044.85,0.0,0.0,1.0,Bear
2018-05-14,1066.98,0.0,0.0,1.0,Bear
2018-05-15,1073.5,0.0,0.0,1.0,Bear
2018-05-16,1054.62,0.0,0.0,1.0,Bear
2018-05-17,1030.64,0.0,0.0,1.0,Bear
2018-05-18,1040.54,0.0,0.0,1.0,Bear
2018-05-21,1014.98,0.0,0.0,1.0,Bear
2018-05-22,985.91,0.0,0.0,1.0,Bear
2018-05-23,988.94,0.0,0.0,1.0,Bear
2018-05-24,985.92,0.0,0.0,1.0,Bear
2018-05-25,963.9,0.0,0.0,1.0,Bear
2018-05-28,931.75,0.0,0.0,1.0,Bear
2018-05-29,952.18,0.0,0.0,1.0,Bear
2018-05-30,948.5,0.0,0.0,1.0,Bear
2018-05-31,971.25,0.0,0.0,1.0,Bear
2018-06-01,992.87,0.0,0.1,0.9,Bear
2018-06-04,1013.78,0.0,0.25,0.75,Bear
2018-06-05,1022.74,0.0,0.45,0.55,Bear
2018-06-06,1034.5,0.0,0.65,0.35,Neutral
2018-06-07,1036.69,0.0,0.8,0.2,Neutral
2018-06-08,1039.01,0.0,0.95,0.05,Neutral
2018-06-11,1039.02,0.0,1.0,0.0,Neutral
2018-06-12,1020.76,0.0,1.0,0.0,Neutral
2018-06-13,1030.53,0.0,1.0,0.0,Neutral
2018-06-14,1015.72,0.0,1.0,0.0,Neutral
2018-06-15,1016.51,0.0,1.0,0.0,Neutral
2018-06-18,987.34,0.0,0.9,0.1,Neutral
2018-06-19,962.16,0.0,0.7,0.3,Neutral
2018-06-20,980.95,0.0,0.55,0.45,Neutral
2018-06-21,969.4,0.0,0.45,0.55,Bear
2018-06-22,983.17,0.0,0.4,0.6,Bear
2018-06-25,990.52,0.0,0.35,0.65,Bear
2018-06-26,983.02,0.0,0.3,0.7,Bear
2018-06-27,968.91,0.0,0.25,0.75,Bear
2018-06-28,957.35,0.0,0.15,0.85,Bear
2018-06-29,960.78,0.0,0.05,0.95,Bear
2018-07-02,947.15,0.0,0.0,1.0,Bear
2018-07-03,906.01,0.0,0.0,1.0,Bear
2018-07-04,914.99,0.0,0.0,1.0,Bear
2018-07-05,899.4,0.0,0.0,1.0,Bear
2018-07-06,917.51,0.0,0.0,1.0,Bear
2018-07-09,915.12,0.0,0.0,1.0,Bear
2018-07-10,911.12,0.0,0.0,1.0,Bear
2018-07-11,893.16,0.0,0.0,1.0,Bear
2018-07-12,898.51,0.0,0.1,0.9,Bear
2018-07-13,909.72,0.0,0.25,0.75,Bear
2018-07-16,911.11,0.0,0.4,0.6,Bear
2018-07-17,921.27,0.0,0.55,0.45,Neutral
2018-07-18,942.39,0.0,0.7,0.3,Neutral
2018-07-19,943.97,0.0,0.85,0.15,Neutral
2018-07-20,933.39,0.0,0.95,0.05,Neutral
2018-07-23,936.74,0.0,1.0,0.0,Neutral
2018-07-24,934.08,0.0,1.0,0.0,Neutral
2018-07-25,927.58,0.0,1.0,0.0,Neutral
2018-07-26,930.16,0.0,1.0,0.0,Neutral
2018-07-27,935.52,0.0,1.0,0.0,Neutral
2018-07-30,949.73,0.0,1.0,0.0,Neutral
2018-07-31,956.39,0.0,1.0,0.0,Neutral
2018-08-01,952.77,0.0,1.0,0.0,Neutral
2018-08-02,953.55,0.0,1.0,0.0,Neutral
2018-08-03,959.6,0.0,1.0,0.0,Neutral
2018-08-06,960.23,0.0,1.0,0.0,Neutral
2018-08-07,956.79,0.0,1.0,0.0,Neutral
2018-08-08,966.27,0.0,1.0,0.0,Neutral
2018-08-09,963.5,0.0,1.0,0.0,Neutral
2018-08-10,968.47,0.0,1.0,0.0,Neutral
2018-08-13,978.04,0.0,1.0,0.0,Neutral
2018-08-14,978.27,0.0,1.0,0.0,Neutral
2018-08-15,961.37,0.0,1.0,0.0,Neutral
2018-08-16,964.28,0.0,1.0,0.0,Neutral
2018-08-17,968.88,0.0,1.0,0.0,Neutral
2018-08-20,969.62,0.05,0.95,0.0,Neutral
2018-08-21,979.21,0.1,0.9,0.0,Neutral
2018-08-24,987.05,0.15,0.85,0.0,Neutral
2018-08-27,991.92,0.2,0.8,0.0,Neutral
2018-08-28,995.19,0.2,0.8,0.0,Neutral
2018-08-29,988.17,0.2,0.8,0.0,Neutral
2018-08-30,998.07,0.15,0.85,0.0,Neutral
2018-08-31,989.54,0.1,0.9,0.0,Neutral
2018-09-04,975.94,0.05,0.95,0.0,Neutral
2018-09-05,968.44,0.0,1.0,0.0,Neutral
2018-09-06,958.19,0.0,1.0,0.0,Neutral
2018-09-07,968.9,0.0,1.0,0.0,Neutral
2018-09-10,970.34,0.0,1.0,0.0,Neutral
2018-09-11,985.06,0.05,0.95,0.0,Neutral
2018-09-12,987.01,0.1,0.9,0.0,Neutral
2018-09-13,987.95,0.2,0.8,0.0,Neutral
2018-09-14,991.34,0.3,0.7,0.0,Neutral
2018-09-17,987.61,0.4,0.6,0.0,Neutral
2018-09-18,993.49,0.5,0.5,0.0,Bull
2018-09-19,995.54,0.6,0.4,0.0,Bull
2018-09-20,1004.74,0.75,0.25,0.0,Bull
2018-09-21,1002.97,0.85,0.15,0.0,Bull
2018-09-24,1011.29,0.95,0.05,0.0,Bull
2018-09-25,1010.74,1.0,0.0,0.0,Bull
2018-09-26,1009.61,1.0,0.0,0.0,Bull
2018-09-27,1015.37,1.0,0.0,0.0,Bull
2018-09-28,1017.13,1.0,0.0,0.0,Bull
2018-10-01,1012.88,1.0,0.0,0.0,Bull
2018-10-02,1018.79,1.0,0.0,0.0,Bull
2018-10-03,1020.4,1.0,0.0,0.0,Bull
2018-10-04,1023.62,0.95,0.05,0.0,Bull
2018-10-05,1008.39,0.85,0.15,0.0,Bull
2018-10-08,996.12,0.75,0.25,0.0,Bull
2018-10-09,996.19,0.6,0.25,0.15,Bull
2018-10-10,993.96,0.3,0.25,0.45,Bear
2018-10-11,945.89,0.0,0.25,0.75,Bear
2018-10-12,970.08,0.0,0.1,0.9,Bear
2018-10-15,951.64,0.0,0.0,1.0,Bear
2018-10-16,963.37,0.0,0.0,1.0,Bear
2018-10-17,971.6,0.0,0.0,1.0,Bear
2018-10-18,963.47,0.0,0.0,1.0,Bear
2018-10-19,958.36,0.0,0.0,1.0,Bear
2018-10-22,953.51,0.0,0.0,1.0,Bear
2018-10-23,939.68,0.0,0.0,1.0,Bear
2018-10-24,922.73,0.0,0.0,1.0,Bear
2018-10-25,910.17,0.0,0.0,1.0,Bear
2018-10-26,900.82,0.0,0.0,1.0,Bear
2018-10-29,888.82,0.0,0.0,1.0,Bear
2018-10-30,888.69,0.0,0.0,1.0,Bear
2018-10-31,914.76,0.0,0.0,1.0,Bear
2018-11-01,907.96,0.0,0.0,1.0,Bear
2018-11-02,924.86,0.0,0.0,1.0,Bear
2018-11-05,925.53,0.0,0.05,0.95,Bear
2018-11-06,922.05,0.0,0.15,0.85,Bear
2018-11-07,922.16,0.0,0.3,0.7,Bear
2018-11-08,926.28,0.0,0.45,0.55,Bear
2018-11-09,914.29,0.0,0.55,0.45,Neutral
2018-11-12,918.12,0.0,0.65,0.35,Neutral
2018-11-13,907.99,0.0,0.7,0.3,Neutral
2018-11-14,900.93,0.0,0.75,0.25,Neutral
2018-11-15,897.15,0.0,0.8,0.2,Neutral
2018-11-16,898.19,0.0,0.85,0.15,Neutral
2018-11-19,916.06,0.0,0.95,0.05,Neutral
2018-11-20,919.02,0.0,1.0,0.0,Neutral
2018-11-21,922.56,0.0,1.0,0.0,Neutral
2018-11-22,924.42,0.0,1.0,0.0,Neutral
2018-11-23,917.97,0.0,1.0,0.0,Neutral
2018-11-26,921.03,0.0,1.0,0.0,Neutral
2018-11-27,923.12,0.0,1.0,0.0,Neutral
2018-11-28,930.2,0.0,1.0,0.0,Neutral
2018-11-29,926.79,0.0,1.0,0.0,Neutral
2018-11-30,926.54,0.0,1.0,0.0,Neutral
2018-12-03,951.59,0.0,1.0,0.0,Neutral
2018-12-04,958.84,0.0,1.0,0.0,Neutral
2018-12-05,957.14,0.0,1.0,0.0,Neutral
2018-12-06,954.82,0.0,1.0,0.0,Neutral
2018-12-07,958.59,0.0,1.0,0.0,Neutral
2018-12-10,955.89,0.0,1.0,0.0,Neutral
2018-12-11,954.58,0.0,1.0,0.0,Neutral
2018-12-12,961.28,0.0,1.0,0.0,Neutral
2018-12-13,960.25,0.0,1.0,0.0,Neutral
2018-12-14,952.04,0.0,1.0,0.0,Neutral
2018-12-17,933.65,0.0,1.0,0.0,Neutral
2018-12-18,927.25,0.0,0.95,0.05,Neutral
2018-12-19,919.24,0.0,0.85,0.15,Neutral
2018-12-20,918.24,0.0,0.75,0.25,Neutral
2018-12-21,912.26,0.0,0.7,0.3,Neutral
2018-12-24,908.56,0.0,0.7,0.3,Neutral
2018-12-25,897.94,0.0,0.7,0.3,Neutral
2018-12-27,900.81,0.0,0.8,0.2,Neutral
2018-12-28,892.54,0.0,0.9,0.1,Neutral
2019-01-07,889.64,0.0,0.95,0.05,Neutral
2019-01-09,896.99,0.0,1.0,0.0,Neutral
2019-01-10,898.3,0.0,1.0,0.0,Neutral
2019-01-11,902.71,0.0,1.0,0.0,Neutral
2019-01-14,901.8,0.0,1.0,0.0,Neutral
2019-01-15,909.68,0.0,1.0,0.0,Neutral
2019-01-16,908.7,0.0,1.0,0.0,Neutral
2019-01-17,901.89,0.0,1.0,0.0,Neutral
2019-01-18,902.3,0.0,1.0,0.0,Neutral
2019-01-21,911.05,0.0,1.0,0.0,Neutral
2019-01-22,906.55,0.0,1.0,0.0,Neutral
2019-01-23,908.02,0.0,1.0,0.0,Neutral
2019-01-24,908.79,0.0,1.0,0.0,Neutral
2019-01-25,908.88,0.0,1.0,0.0,Neutral
2019-01-28,912.18,0.0,1.0,0.0,Neutral
2019-01-29,915.93,0.0,1.0,0.0,Neutral
2019-01-30,915.84,0.0,1.0,0.0,Neutral
2019-01-31,910.65,0.05,0.95,0.0,Neutral
2019-02-01,908.67,0.15,0.85,0.0,Neutral
2019-02-11,926.1,0.3,0.7,0.0,Neutral
2019-02-12,937.54,0.5,0.5,0.0,Bull
2019-02-13,945.25,0.7,0.3,0.0,Bull
2019-02-14,952.34,0.85,0.15,0.0,Bull
2019-02-15,950.89,0.95,0.05,0.0,Bull
2019-02-18,961.3,1.0,0.0,0.0,Bull
2019-02-19,964.35,1.0,0.0,0.0,Bull
2019-02-20,970.58,1.0,0.0,0.0,Bull
2019-02-21,987.57,1.0,0.0,0.0,Bull
2019-02-22,988.91,1.0,0.0,0.0,Bull
2019-02-25,994.43,1.0,0.0,0.0,Bull
2019-02-26,987.06,1.0,0.0,0.0,Bull
2019-02-27,990.27,1.0,0.0,0.0,Bull
2019-02-28,965.47,1.0,0.0,0.0,Bull
2019-03-01,979.63,1.0,0.0,0.0,Bull
2019-03-04,993.99,1.0,0.0,0.0,Bull
2019-03-05,992.45,1.0,0.0,0.0,Bull
2019-03-06,994.49,1.0,0.0,0.0,Bull
2019-03-07,994.03,1.0,0.0,0.0,Bull
2019-03-08,985.25,1.0,0.0,0.0,Bull
2019-03-11,984.6,1.0,0.0,0.0,Bull
2019-03-12,1001.32,1.0,0.0,0.0,Bull
2019-03-13,1005.41,1.0,0.0,0.0,Bull
2019-03-14,1009.56,1.0,0.0,0.0,Bull
2019-03-15,1004.12,1.0,0.0,0.0,Bull
2019-03-18,1011.86,1.0,0.0,0.0,Bull
2019-03-19,1006.59,1.0,0.0,0.0,Bull
2019-03-20,1002.3,0.9,0.1,0.0,Bull
2019-03-21,981.78,0.75,0.25,0.0,Bull
2019-03-22,988.71,0.6,0.4,0.0,Bull
2019-03-25,970.07,0.45,0.55,0.0,Neutral
2019-03-26,969.79,0.35,0.65,0.0,Neutral
2019-03-27,975.91,0.25,0.75,0.0,Neutral
2019-03-28,982.98,0.2,0.8,0.0,Neutral
2019-03-29,980.76,0.15,0.85,0.0,Neutral
2019-04-01,988.53,0.1,0.9,0.0,Neutral
2019-04-02,985.81,0.05,0.95,0.0,Neutral
2019-04-03,984.46,0.0,1.0,0.0,Neutral
2019-04-04,986.91,0.0,1.0,0.0,Neutral
2019-04-05,989.26,0.0,1.0,0.0,Neutral
2019-04-08,997.56,0.0,1.0,0.0,Neutral
2019-04-09,988.48,0.0,1.0,0.0,Neutral
2019-04-10,981.91,0.0,1.0,0.0,Neutral
2019-04-11,985.95,0.0,1.0,0.0,Neutral
2019-04-12,982.9,0.0,1.0,0.0,Neutral
2019-04-16,977.17,0.0,1.0,0.0,Neutral
2019-04-17,972.1,0.0,1.0,0.0,Neutral
2019-04-18,962.3,0.0,1.0,0.0,Neutral
2019-04-19,966.21,0.0,1.0,0.0,Neutral
2019-04-22,965.86,0.0,1.0,0.0,Neutral
2019-04-23,968.0,0.0,1.0,0.0,Neutral
2019-04-24,976.92,0.0,1.0,0.0,Neutral
2019-04-25,974.13,0.0,1.0,0.0,Neutral
2019-04-26,979.64,0.0,1.0,0.0,Neutral
2019-05-02,978.5,0.0,1.0,0.0,Neutral
2019-05-03,974.14,0.0,1.0,0.0,Neutral
2019-05-06,957.97,0.0,1.0,0.0,Neutral
2019-05-07,957.56,0.0,1.0,0.0,Neutral
2019-05-08,951.22,0.0,1.0,0.0,Neutral
2019-05-09,947.01,0.0,1.0,0.0,Neutral
2019-05-10,952.55,0.0,1.0,0.0,Neutral
2019-05-13,958.54,0.0,1.0,0.0,Neutral
2019-05-14,965.34,0.0,1.0,0.0,Neutral
2019-05-15,975.64,0.0,1.0,0.0,Neutral
2019-05-16,975.69,0.0,1.0,0.0,Neutral
2019-05-17,976.48,0.0,1.0,0.0,Neutral
2019-05-20,987.13,0.0,1.0,0.0,Neutral
2019-05-21,986.29,0.0,1.0,0.0,Neutral
2019-05-22,983.78,0.0,1.0,0.0,Neutral
2019-05-23,982.71,0.0,1.0,0.0,Neutral
2019-05-24,970.03,0.0,1.0,0.0,Neutral
2019-05-27,975.14,0.0,1.0,0.0,Neutral
2019-05-28,972.0,0.0,1.0,0.0,Neutral
2019-05-29,971.54,0.0,1.0,0.0,Neutral
2019-05-30,969.34,0.0,1.0,0.0,Neutral
2019-05-31,959.88,0.0,1.0,0.0,Neutral
2019-06-03,946.47,0.0,0.95,0.05,Neutral
2019-06-04,951.16,0.0,0.95,0.05,Neutral
2019-06-05,951.41,0.0,0.95,0.05,Neutral
2019-06-06,948.21,0.0,0.95,0.05,Neutral
2019-06-07,958.28,0.0,1.0,0.0,Neutral
2019-06-10,962.9,0.0,1.0,0.0,Neutral
2019-06-11,962.07,0.0,1.0,0.0,Neutral
2019-06-12,954.17,0.0,1.0,0.0,Neutral
2019-06-13,950.08,0.0,1.0,0.0,Neutral
2019-06-14,953.61,0.0,1.0,0.0,Neutral
2019-06-17,946.95,0.0,1.0,0.0,Neutral
2019-06-18,944.01,0.0,1.0,0.0,Neutral
2019-06-19,949.69,0.0,1.0,0.0,Neutral
2019-06-20,959.18,0.0,1.0,0.0,Neutral
2019-06-21,959.2,0.0,1.0,0.0,Neutral
2019-06-24,962.85,0.0,1.0,0.0,Neutral
2019-06-25,960.13,0.0,1.0,0.0,Neutral
2019-06-26,959.13,0.0,1.0,0.0,Neutral
2019-06-27,943.11,0.0,1.0,0.0,Neutral
2019-06-28,949.94,0.0,1.0,0.0,Neutral
2019-07-01,965.61,0.0,1.0,0.0,Neutral
2019-07-02,961.98,0.0,1.0,0.0,Neutral
2019-07-03,960.39,0.0,1.0,0.0,Neutral
2019-07-04,973.04,0.0,1.0,0.0,Neutral
2019-07-05,975.34,0.0,1.0,0.0,Neutral
2019-07-08,966.35,0.0,1.0,0.0,Neutral
2019-07-09,969.05,0.0,1.0,0.0,Neutral
2019-07-10,973.65,0.0,1.0,0.0,Neutral
2019-07-11,978.63,0.0,1.0,0.0,Neutral
2019-07-12,975.4,0.0,1.0,0.0,Neutral
2019-07-15,972.53,0.0,1.0,0.0,Neutral
2019-07-16,982.11,0.0,1.0,0.0,Neutral
2019-07-17,982.57,0.0,1.0,0.0,Neutral
2019-07-18,976.05,0.0,1.0,0.0,Neutral
2019-07-19,982.34,0.0,1.0,0.0,Neutral
2019-07-22,982.04,0.0,1.0,0.0,Neutral
2019-07-23,989.46,0.05,0.95,0.0,Neutral
2019-07-24,988.41,0.05,0.95,0.0,Neutral
2019-07-25,994.95,0.05,0.95,0.0,Neutral
2019-07-26,993.35,0.05,0.95,0.0,Neutral
2019-07-29,997.94,0.0,1.0,0.0,Neutral
2019-07-30,986.02,0.0,1.0,0.0,Neutral
2019-07-31,991.66,0.0,1.0,0.0,Neutral
2019-08-01,997.39,0.0,1.0,0.0,Neutral
2019-08-02,991.1,0.0,1.0,0.0,Neutral
2019-08-05,973.15,0.0,1.0,0.0,Neutral
2019-08-06,964.61,0.0,1.0,0.0,Neutral
2019-08-07,965.93,0.0,1.0,0.0,Neutral
2019-08-08,975.24,0.0,1.0,0.0,Neutral
2019-08-09,974.34,0.0,1.0,0.0,Neutral
2019-08-12,975.31,0.0,1.0,0.0,Neutral
2019-08-13,966.83,0.0,1.0,0.0,Neutral
2019-08-14,968.91,0.0,1.0,0.0,Neutral
2019-08-15,979.38,0.0,1.0,0.0,Neutral
2019-08-16,980.0,0.0,1.0,0.0,Neutral
2019-08-19,981.03,0.0,1.0,0.0,Neutral
2019-08-20,984.67,0.0,1.0,0.0,Neutral
2019-08-21,994.38,0.0,1.0,0.0,Neutral
2019-08-22,997.26,0.0,1.0,0.0,Neutral
2019-08-23,992.45,0.0,1.0,0.0,Neutral
2019-08-26,982.88,0.0,1.0,0.0,Neutral
2019-08-27,976.79,0.0,1.0,0.0,Neutral
2019-08-28,977.26,0.0,1.0,0.0,Neutral
2019-08-29,978.59,0.0,1.0,0.0,Neutral
2019-08-30,984.06,0.0,1.0,0.0,Neutral
2019-09-03,979.36,0.0,1.0,0.0,Neutral
2019-09-04,977.63,0.0,1.0,0.0,Neutral
2019-09-05,976.79,0.0,1.0,0.0,Neutral
2019-09-06,974.08,0.0,1.0,0.0,Neutral
2019-09-09,974.12,0.0,1.0,0.0,Neutral
2019-09-10,970.26,0.0,1.0,0.0,Neutral
2019-09-11,969.31,0.0,1.0,0.0,Neutral
2019-09-12,976.07,0.0,1.0,0.0,Neutral
2019-09-13,987.22,0.0,1.0,0.0,Neutral
2019-09-16,989.86,0.0,1.0,0.0,Neutral
2019-09-17,996.74,0.0,1.0,0.0,Neutral
2019-09-18,995.15,0.0,1.0,0.0,Neutral
2019-09-19,997.1,0.0,1.0,0.0,Neutral
2019-09-20,990.36,0.0,1.0,0.0,Neutral
2019-09-23,987.54,0.0,1.0,0.0,Neutral
2019-09-24,988.13,0.0,1.0,0.0,Neutral
2019-09-25,987.3,0.0,1.0,0.0,Neutral
2019-09-26,990.75,0.0,1.0,0.0,Neutral
2019-09-27,997.84,0.0,1.0,0.0,Neutral
2019-09-30,996.56,0.0,1.0,0.0,Neutral
2019-10-01,999.59,0.0,1.0,0.0,Neutral
2019-10-02,991.19,0.0,1.0,0.0,Neutral
2019-10-03,992.45,0.0,1.0,0.0,Neutral
2019-10-04,987.59,0.0,1.0,0.0,Neutral
2019-10-07,983.09,0.0,1.0,0.0,Neutral
2019-10-08,988.22,0.0,1.0,0.0,Neutral
2019-10-09,987.83,0.0,1.0,0.0,Neutral
2019-10-10,987.38,0.0,1.0,0.0,Neutral
2019-10-11,991.84,0.0,1.0,0.0,Neutral
2019-10-14,993.57,0.0,1.0,0.0,Neutral
2019-10-15,993.05,0.0,1.0,0.0,Neutral
2019-10-16,994.46,0.0,1.0,0.0,Neutral
2019-10-17,989.82,0.0,1.0,0.0,Neutral
2019-10-18,989.2,0.0,1.0,0.0,Neutral
2019-10-21,983.56,0.0,1.0,0.0,Neutral
2019-10-22,987.19,0.0,1.0,0.0,Neutral
2019-10-23,987.79,0.0,1.0,0.0,Neutral
2019-10-24,993.6,0.05,0.95,0.0,Neutral
2019-10-25,996.57,0.1,0.9,0.0,Neutral
2019-10-28,996.48,0.2,0.8,0.0,Neutral
2019-10-29,995.87,0.3,0.7,0.0,Neutral
2019-10-30,1000.89,0.45,0.55,0.0,Neutral
2019-10-31,998.82,0.6,0.4,0.0,Bull
2019-11-01,1015.59,0.75,0.25,0.0,Bull
2019-11-04,1022.43,0.9,0.1,0.0,Bull
2019-11-05,1024.34,1.0,0.0,0.0,Bull
2019-11-06,1024.91,1.0,0.0,0.0,Bull
2019-11-07,1024.03,0.95,0.05,0.0,Bull
2019-11-08,1022.49,0.85,0.15,0.0,Bull
2019-11-11,1016.75,0.7,0.3,0.0,Bull
2019-11-12,1018.33,0.55,0.45,0.0,Bull
2019-11-13,1012.77,0.4,0.6,0.0,Neutral
2019-11-14,1012.3,0.25,0.75,0.0,Neutral
2019-11-15,1010.03,0.15,0.85,0.0,Neutral
2019-11-18,1002.91,0.1,0.9,0.0,Neutral
2019-11-19,1008.35,0.0,0.9,0.1,Neutral
2019-11-20,1000.56,0.0,0.8,0.2,Neutral
2019-11-21,987.89,0.0,0.6,0.4,Neutral
2019-11-22,977.78,0.0,0.4,0.6,Bear
2019-11-25,976.35,0.0,0.25,0.75,Bear
2019-11-26,976.79,0.0,0.15,0.85,Bear
2019-11-27,978.17,0.0,0.05,0.95,Bear
2019-11-28,970.39,0.0,0.0,1.0,Bear
2019-11-29,970.75,0.0,0.0,1.0,Bear
2019-12-02,959.31,0.0,0.0,1.0,Bear
2019-12-03,953.43,0.0,0.0,1.0,Bear
2019-12-04,965.9,0.0,0.1,0.9,Bear
2019-12-05,963.27,0.0,0.2,0.8,Bear
2019-12-06,963.56,0.0,0.35,0.65,Bear
2019-12-09,966.06,0.0,0.5,0.5,Neutral
2019-12-10,960.3,0.0,0.65,0.35,Neutral
2019-12-11,961.78,0.0,0.8,0.2,Neutral
2019-12-12,968.17,0.0,0.95,0.05,Neutral
2019-12-13,966.18,0.0,1.0,0.0,Neutral
2019-12-16,961.47,0.0,1.0,0.0,Neutral
2019-12-17,954.03,0.0,1.0,0.0,Neutral
2019-12-18,951.13,0.0,1.0,0.0,Neutral
2019-12-19,952.26,0.0,1.0,0.0,Neutral
2019-12-20,956.41,0.0,1.0,0.0,Neutral
2019-12-23,959.43,0.0,1.0,0.0,Neutral
2019-12-24,958.88,0.0,1.0,0.0,Neutral
2019-12-25,960.92,0.0,1.0,0.0,Neutral
2019-12-26,958.59,0.0,1.0,0.0,Neutral
2019-12-27,963.51,0.0,1.0,0.0,Neutral
2019-12-30,965.03,0.0,1.0,0.0,Neutral
2019-12-31,960.99,0.0,1.0,0.0,Neutral
2020-01-02,966.67,0.0,1.0,0.0,Neutral
2020-01-03,965.14,0.0,1.0,0.0,Neutral
2020-01-06,955.79,0.0,1.0,0.0,Neutral
2020-01-07,958.88,0.0,1.0,0.0,Neutral
2020-01-08,948.98,0.0,1.0,0.0,Neutral
2020-01-09,960.15,0.0,1.0,0.0,Neutral
2020-01-10,968.54,0.0,1.0,0.0,Neutral
2020-01-13,965.84,0.0,1.0,0.0,Neutral
2020-01-14,967.0,0.0,1.0,0.0,Neutral
2020-01-15,967.56,0.0,1.0,0.0,Neutral
2020-01-16,974.31,0.0,1.0,0.0,Neutral
2020-01-17,978.96,0.0,1.0,0.0,Neutral
2020-01-20,978.63,0.0,1.0,0.0,Neutral
2020-01-21,986.37,0.05,0.95,0.0,Neutral
2020-01-22,991.46,0.05,0.85,0.1,Neutral
2020-01-30,959.58,0.0,0.65,0.35,Neutral
2020-01-31,936.62,0.0,0.35,0.65,Bear
2020-02-03,928.14,0.0,0.1,0.9,Bear
2020-02-04,929.09,0.0,0.0,1.0,Bear
2020-02-05,925.91,0.0,0.0,1.0,Bear
2020-02-06,938.54,0.0,0.05,0.95,Bear
2020-02-07,940.75,0.0,0.2,0.8,Bear
2020-02-10,930.73,0.0,0.4,0.6,Bear
2020-02-11,934.67,0.0,0.6,0.4,Neutral
2020-02-12,937.68,0.0,0.75,0.25,Neutral
2020-02-13,938.24,0.0,0.9,0.1,Neutral
2020-02-14,937.45,0.0,1.0,0.0,Neutral
2020-02-17,934.77,0.0,1.0,0.0,Neutral
2020-02-18,927.93,0.0,1.0,0.0,Neutral
2020-02-19,928.76,0.0,0.95,0.05,Neutral
2020-02-20,938.13,0.0,0.85,0.15,Neutral
2020-02-21,933.09,0.0,0.7,0.3,Neutral
2020-02-24,903.34,0.0,0.45,0.55,Bear
2020-02-25,909.67,0.0,0.25,0.75,Bear
2020-02-26,895.97,0.0,0.1,0.9,Bear
2020-02-27,898.44,0.0,0.0,1.0,Bear
2020-02-28,882.19,0.0,0.0,1.0,Bear
2020-03-02,884.43,0.0,0.0,1.0,Bear
2020-03-03,890.61,0.0,0.0,1.0,Bear
2020-03-04,889.37,0.0,0.0,1.0,Bear
2020-03-05,893.31,0.0,0.0,1.0,Bear
2020-03-06,891.44,0.0,0.0,1.0,Bear
2020-03-09,835.49,0.0,0.0,1.0,Bear
2020-03-10,837.5,0.0,0.0,1.0,Bear
2020-03-11,811.35,0.0,0.0,1.0,Bear
2020-03-12,769.25,0.0,0.0,1.0,Bear
2020-03-13,761.78,0.0,0.0,1.0,Bear
2020-03-16,747.86,0.0,0.0,1.0,Bear
2020-03-17,745.78,0.0,0.0,1.0,Bear
2020-03-18,747.66,0.0,0.0,1.0,Bear
2020-03-19,725.94,0.0,0.0,1.0,Bear
2020-03-20,709.73,0.0,0.0,1.0,Bear
2020-03-23,666.59,0.0,0.0,1.0,Bear
2020-03-24,659.21,0.0,0.0,1.0,Bear
2020-03-25,690.25,0.0,0.0,1.0,Bear
2020-03-26,694.21,0.0,0.0,1.0,Bear
2020-03-27,696.06,0.0,0.0,1.0,Bear
2020-03-30,662.26,0.0,0.0,1.0,Bear
2020-03-31,662.53,0.0,0.0,1.0,Bear
2020-04-01,680.23,0.0,0.0,1.0,Bear
2020-04-03,701.8,0.0,0.0,1.0,Bear
2020-04-06,736.75,0.0,0.0,1.0,Bear
2020-04-07,746.69,0.0,0.0,1.0,Bear
2020-04-08,748.02,0.0,0.1,0.9,Bear
2020-04-09,760.33,0.0,0.3,0.7,Bear
2020-04-10,757.94,0.25,0.3,0.45,Bear
2020-04-13,765.79,0.5,0.3,0.2,Bull
2020-04-14,767.41,0.65,0.3,0.05,Bull
2020-04-15,777.22,0.7,0.3,0.0,Bull
2020-04-16,780.7,0.7,0.3,0.0,Bull
2020-04-17,789.6,0.7,0.3,0.0,Bull
2020-05-04,762.47,0.65,0.35,0.0,Bull
2020-05-05,764.16,0.65,0.35,0.0,Bull
2020-05-06,782.59,0.7,0.3,0.0,Bull
2020-05-07,796.54,0.8,0.2,0.0,Bull
2020-05-08,813.73,0.9,0.1,0.0,Bull
2020-05-11,828.33,0.95,0.05,0.0,Bull
2020-05-13,834.21,1.0,0.0,0.0,Bull
2020-05-14,832.4,1.0,0.0,0.0,Bull
2020-05-15,827.03,1.0,0.0,0.0,Bull
2020-05-18,837.01,1.0,0.0,0.0,Bull
2020-05-19,845.92,1.0,0.0,0.0,Bull
2020-05-20,852.91,1.0,0.0,0.0,Bull
2020-05-21,862.73,1.0,0.0,0.0,Bull
2020-05-22,852.74,1.0,0.0,0.0,Bull
2020-05-25,859.04,1.0,0.0,0.0,Bull
2020-05-26,869.13,1.0,0.0,0.0,Bull
2020-05-27,857.48,1.0,0.0,0.0,Bull
2020-05-28,861.39,1.0,0.0,0.0,Bull
2020-05-29,864.47,1.0,0.0,0.0,Bull
2020-06-01,878.67,1.0,0.0,0.0,Bull
2020-06-02,874.8,1.0,0.0,0.0,Bull
2020-06-03,881.17,1.0,0.0,0.0,Bull
2020-06-04,883.9,1.0,0.0,0.0,Bull
2020-06-05,886.22,1.0,0.0,0.0,Bull
2020-06-08,899.92,1.0,0.0,0.0,Bull
2020-06-09,899.43,1.0,0.0,0.0,Bull
2020-06-10,900.0,1.0,0.0,0.0,Bull
2020-06-11,867.37,1.0,0.0,0.0,Bull
2020-06-12,863.52,1.0,0.0,0.0,Bull
2020-06-15,832.47,1.0,0.0,0.0,Bull
2020-06-16,856.13,1.0,0.0,0.0,Bull
2020-06-17,854.44,1.0,0.0,0.0,Bull
2020-06-18,855.27,0.95,0.05,0.0,Bull
2020-06-19,868.56,0.9,0.1,0.0,Bull
2020-06-22,869.05,0.8,0.2,0.0,Bull
2020-06-23,868.2,0.7,0.3,0.0,Bull
2020-06-24,859.71,0.55,0.45,0.0,Bull
2020-06-25,854.59,0.4,0.6,0.0,Neutral
2020-06-26,851.98,0.25,0.75,0.0,Neutral
2020-06-29,829.36,0.1,0.9,0.0,Neutral
2020-06-30,825.11,0.0,1.0,0.0,Neutral
2020-07-01,843.49,0.0,1.0,0.0,Neutral
2020-07-02,842.38,0.0,1.0,0.0,Neutral
2020-07-03,847.61,0.0,1.0,0.0,Neutral
2020-07-06,861.16,0.0,1.0,0.0,Neutral
2020-07-07,863.42,0.0,1.0,0.0,Neutral
2020-07-08,864.5,0.0,1.0,0.0,Neutral
2020-07-09,876.46,0.0,1.0,0.0,Neutral
2020-07-10,871.21,0.0,1.0,0.0,Neutral
2020-07-13,868.72,0.0,1.0,0.0,Neutral
2020-07-14,868.11,0.0,1.0,0.0,Neutral
2020-07-15,869.91,0.0,1.0,0.0,Neutral
2020-07-16,876.83,0.0,1.0,0.0,Neutral
2020-07-17,872.02,0.0,1.0,0.0,Neutral
2020-07-20,861.4,0.0,1.0,0.0,Neutral
2020-07-21,861.69,0.0,1.0,0.0,Neutral
2020-07-22,855.08,0.0,0.9,0.1,Neutral
2020-07-23,856.75,0.0,0.7,0.3,Neutral
2020-07-24,829.16,0.0,0.35,0.65,Bear
2020-07-27,785.17,0.0,0.05,0.95,Bear
2020-07-28,813.36,0.0,0.0,1.0,Bear
2020-07-29,790.84,0.0,0.0,1.0,Bear
2020-07-30,801.13,0.0,0.0,1.0,Bear
2020-07-31,798.39,0.0,0.15,0.85,Bear
2020-08-03,814.65,0.0,0.35,0.65,Bear
2020-08-04,827.57,0.0,0.6,0.4,Neutral
2020-08-05,837.8,0.0,0.8,0.2,Neutral
2020-08-06,840.04,0.0,0.95,0.05,Neutral
2020-08-07,841.46,0.0,1.0,0.0,Neutral
2020-08-10,843.2,0.0,1.0,0.0,Neutral
2020-08-11,843.08,0.0,1.0,0.0,Neutral
2020-08-12,846.92,0.0,1.0,0.0,Neutral
2020-08-13,855.05,0.0,1.0,0.0,Neutral
2020-08-14,850.74,0.0,1.0,0.0,Neutral
2020-08-17,850.15,0.0,1.0,0.0,Neutral
2020-08-18,846.43,0.05,0.95,0.0,Neutral
2020-08-19,851.21,0.1,0.9,0.0,Neutral
2020-08-20,848.21,0.2,0.8,0.0,Neutral
2020-08-21,854.78,0.3,0.7,0.0,Neutral
2020-08-24,868.68,0.45,0.55,0.0,Neutral
2020-08-25,874.12,0.6,0.4,0.0,Bull
2020-08-26,873.47,0.75,0.25,0.0,Bull
2020-08-27,874.71,0.85,0.15,0.0,Bull
2020-08-28,878.98,0.95,0.05,0.0,Bull
2020-08-31,881.65,1.0,0.0,0.0,Bull
2020-09-01,891.73,1.0,0.0,0.0,Bull
2020-09-03,903.97,1.0,0.0,0.0,Bull
2020-09-04,901.54,1.0,0.0,0.0,Bull
2020-09-07,888.25,1.0,0.0,0.0,Bull
2020-09-08,890.14,1.0,0.0,0.0,Bull
2020-09-09,889.32,1.0,0.0,0.0,Bull
2020-09-10,888.82,1.0,0.0,0.0,Bull
2020-09-11,888.97,1.0,0.0,0.0,Bull
2020-09-14,894.57,1.0,0.0,0.0,Bull
2020-09-15,896.26,1.0,0.0,0.0,Bull
2020-09-16,897.47,1.0,0.0,0.0,Bull
2020-09-17,894.04,1.0,0.0,0.0,Bull
2020-09-18,900.95,1.0,0.0,0.0,Bull
2020-09-21,907.94,1.0,0.0,0.0,Bull
2020-09-22,906.19,1.0,0.0,0.0,Bull
2020-09-23,912.5,1.0,0.0,0.0,Bull
2020-09-24,908.58,1.0,0.0,0.0,Bull
2020-09-25,908.27,1.0,0.0,0.0,Bull
2020-09-28,912.5,1.0,0.0,0.0,Bull
2020-09-29,903.98,1.0,0.0,0.0,Bull
2020-09-30,905.21,1.0,0.0,0.0,Bull
2020-10-01,914.09,1.0,0.0,0.0,Bull
2020-10-02,909.91,1.0,0.0,0.0,Bull
2020-10-05,914.68,1.0,0.0,0.0,Bull
2020-10-06,915.67,1.0,0.0,0.0,Bull
2020-10-07,919.72,1.0,0.0,0.0,Bull
2020-10-08,918.84,1.0,0.0,0.0,Bull
2020-10-09,924.0,1.0,0.0,0.0,Bull
2020-10-12,925.83,1.0,0.0,0.0,Bull
2020-10-13,929.86,1.0,0.0,0.0,Bull
2020-10-14,940.18,1.0,0.0,0.0,Bull
2020-10-15,942.76,1.0,0.0,0.0,Bull
2020-10-16,943.3,1.0,0.0,0.0,Bull
2020-10-19,943.69,1.0,0.0,0.0,Bull
2020-10-20,944.42,1.0,0.0,0.0,Bull
2020-10-21,939.03,1.0,0.0,0.0,Bull
2020-10-22,949.9,1.0,0.0,0.0,Bull
2020-10-26,950.8,1.0,0.0,0.0,Bull
2020-10-27,946.47,1.0,0.0,0.0,Bull
2020-10-28,921.05,1.0,0.0,0.0,Bull
2020-10-29,919.08,1.0,0.0,0.0,Bull
2020-10-30,925.47,1.0,0.0,0.0,Bull
2020-11-02,933.68,1.0,0.0,0.0,Bull
2020-11-03,935.41,1.0,0.0,0.0,Bull
2020-11-04,939.76,1.0,0.0,0.0,Bull
2020-11-05,937.75,1.0,0.0,0.0,Bull
2020-11-06,938.29,1.0,0.0,0.0,Bull
2020-11-09,951.99,1.0,0.0,0.0,Bull
2020-11-10,951.9,1.0,0.0,0.0,Bull
2020-11-11,952.22,1.0,0.0,0.0,Bull
2020-11-12,959.28,1.0,0.0,0.0,Bull
2020-11-13,966.29,1.0,0.0,0.0,Bull
2020-11-16,950.79,1.0,0.0,0.0,Bull
2020-11-17,968.9,1.0,0.0,0.0,Bull
2020-11-18,973.53,1.0,0.0,0.0,Bull
2020-11-19,983.26,1.0,0.0,0.0,Bull
2020-11-20,990.0,1.0,0.0,0.0,Bull
2020-11-23,994.19,1.0,0.0,0.0,Bull
2020-11-24,995.76,1.0,0.0,0.0,Bull
2020-12-17,1051.77,1.0,0.0,0.0,Bull
2020-12-18,1067.46,1.0,0.0,0.0,Bull
2020-12-21,1081.08,1.0,0.0,0.0,Bull
2020-12-22,1083.45,1.0,0.0,0.0,Bull
2020-12-23,1078.9,1.0,0.0,0.0,Bull
2020-12-24,1067.52,1.0,0.0,0.0,Bull
2020-12-25,1084.42,1.0,0.0,0.0,Bull
2020-12-28,1091.33,1.0,0.0,0.0,Bull
2020-12-29,1099.49,1.0,0.0,0.0,Bull
2020-12-30,1097.54,1.0,0.0,0.0,Bull
2020-12-31,1103.87,1.0,0.0,0.0,Bull
2021-01-04,1120.47,1.0,0.0,0.0,Bull
2021-01-05,1132.55,1.0,0.0,0.0,Bull
2021-01-06,1143.21,1.0,0.0,0.0,Bull
2021-01-07,1156.49,1.0,0.0,0.0,Bull
2021-01-08,1167.69,1.0,0.0,0.0,Bull
2021-01-11,1184.89,1.0,0.0,0.0,Bull
2021-01-12,1192.28,1.0,0.0,0.0,Bull
2021-01-13,1186.05,1.0,0.0,0.0,Bull
2021-01-14,1187.4,1.0,0.0,0.0,Bull
2021-01-18,1191.94,1.0,0.0,0.0,Bull
2021-01-19,1131.0,1.0,0.0,0.0,Bull
2021-01-20,1134.68,1.0,0.0,0.0,Bull
2021-01-21,1164.21,1.0,0.0,0.0,Bull
2021-01-25,1166.05,0.95,0.0,0.05,Bull
2021-01-26,1136.12,0.7,0.0,0.3,Bull
2021-01-27,1097.17,0.35,0.0,0.65,Bear
2021-01-28,1023.94,0.05,0.0,0.95,Bear
2021-01-29,1056.61,0.0,0.0,1.0,Bear
2021-02-01,1035.51,0.0,0.0,1.0,Bear
2021-02-02,1075.53,0.0,0.0,1.0,Bear
2021-02-03,1111.29,0.0,0.0,1.0,Bear
2021-02-04,1112.19,0.15,0.0,0.85,Bear
2021-02-05,1126.91,0.35,0.0,0.65,Bear
2021-02-08,1083.18,0.55,0.0,0.45,Bull
2021-02-09,1114.93,0.75,0.0,0.25,Bull
2021-02-17,1155.78,0.95,0.0,0.05,Bull
2021-02-18,1174.38,1.0,0.0,0.0,Bull
2021-02-19,1173.5,1.0,0.0,0.0,Bull
2021-02-22,1175.04,1.0,0.0,0.0,Bull
2021-02-23,1177.64,1.0,0.0,0.0,Bull
2021-02-24,1162.01,1.0,0.0,0.0,Bull
2021-02-25,1165.43,1.0,0.0,0.0,Bull
2021-02-26,1168.47,1.0,0.0,0.0,Bull
2021-03-01,1186.17,1.0,0.0,0.0,Bull
2021-03-02,1186.61,1.0,0.0,0.0,Bull
2021-03-03,1186.95,1.0,0.0,0.0,Bull
2021-03-04,1168.52,1.0,0.0,0.0,Bull
2021-03-05,1168.69,1.0,0.0,0.0,Bull
2021-03-08,1168.27,1.0,0.0,0.0,Bull
2021-03-09,1161.97,1.0,0.0,0.0,Bull
2021-03-10,1170.08,1.0,0.0,0.0,Bull
2021-03-11,1181.73,1.0,0.0,0.0,Bull
2021-03-12,1181.56,1.0,0.0,0.0,Bull
2021-03-15,1184.56,1.0,0.0,0.0,Bull
2021-03-16,1179.9,1.0,0.0,0.0,Bull
2021-03-17,1186.09,1.0,0.0,0.0,Bull
2021-03-18,1200.94,1.0,0.0,0.0,Bull
2021-03-19,1194.05,0.95,0.05,0.0,Bull
2021-03-22,1194.43,0.9,0.1,0.0,Bull
2021-03-23,1183.45,0.85,0.15,0.0,Bull
2021-03-24,1161.81,0.8,0.2,0.0,Bull
2021-03-25,1163.1,0.8,0.2,0.0,Bull
2021-03-26,1162.21,0.8,0.2,0.0,Bull
2021-03-29,1175.68,0.85,0.15,0.0,Bull
2021-03-30,1186.36,0.9,0.1,0.0,Bull
2021-03-31,1191.44,0.95,0.05,0.0,Bull
2021-04-01,1216.1,1.0,0.0,0.0,Bull
2021-04-02,1224.45,1.0,0.0,0.0,Bull
2021-04-05,1236.05,1.0,0.0,0.0,Bull
2021-04-06,1239.96,1.0,0.0,0.0,Bull
2021-04-07,1242.38,1.0,0.0,0.0,Bull
2021-04-08,1234.89,1.0,0.0,0.0,Bull
2021-04-09,1231.66,1.0,0.0,0.0,Bull
2021-04-12,1252.45,1.0,0.0,0.0,Bull
2021-04-13,1248.33,1.0,0.0,0.0,Bull
2021-04-14,1255.87,1.0,0.0,0.0,Bull
2021-04-15,1247.25,1.0,0.0,0.0,Bull
2021-04-16,1238.71,1.0,0.0,0.0,Bull
2021-04-19,1260.58,1.0,0.0,0.0,Bull
2021-04-20,1268.28,1.0,0.0,0.0,Bull
2021-04-22,1227.82,1.0,0.0,0.0,Bull
2021-04-23,1248.53,1.0,0.0,0.0,Bull
2021-04-26,1215.77,1.0,0.0,0.0,Bull
2021-04-27,1219.75,1.0,0.0,0.0,Bull
2021-04-28,1229.55,1.0,0.0,0.0,Bull
2021-04-29,1239.39,1.0,0.0,0.0,Bull
2021-05-04,1242.2,1.0,0.0,0.0,Bull
2021-05-05,1256.43,1.0,0.0,0.0,Bull
2021-05-06,1250.57,1.0,0.0,0.0,Bull
2021-05-07,1241.81,1.0,0.0,0.0,Bull
2021-05-10,1259.58,1.0,0.0,0.0,Bull
2021-05-11,1256.04,1.0,0.0,0.0,Bull
2021-05-12,1269.09,1.0,0.0,0.0,Bull
2021-05-13,1261.99,1.0,0.0,0.0,Bull
2021-05-14,1266.36,1.0,0.0,0.0,Bull
2021-05-17,1258.7,1.0,0.0,0.0,Bull
2021-05-18,1252.68,1.0,0.0,0.0,Bull
2021-05-19,1262.49,1.0,0.0,0.0,Bull
2021-05-20,1278.22,1.0,0.0,0.0,Bull
2021-05-21,1283.93,1.0,0.0,0.0,Bull
2021-05-24,1297.98,1.0,0.0,0.0,Bull
2021-05-25,1308.58,1.0,0.0,0.0,Bull
2021-05-26,1316.7,1.0,0.0,0.0,Bull
2021-05-27,1303.57,1.0,0.0,0.0,Bull
2021-05-28,1320.46,1.0,0.0,0.0,Bull
2021-05-31,1328.05,1.0,0.0,0.0,Bull
2021-06-01,1337.78,1.0,0.0,0.0,Bull
2021-06-02,1340.78,1.0,0.0,0.0,Bull
2021-06-03,1364.28,1.0,0.0,0.0,Bull
2021-06-04,1374.05,1.0,0.0,0.0,Bull
2021-06-07,1358.78,1.0,0.0,0.0,Bull
2021-06-08,1319.88,1.0,0.0,0.0,Bull
2021-06-09,1332.9,1.0,0.0,0.0,Bull
2021-06-10,1323.58,1.0,0.0,0.0,Bull
2021-06-11,1351.74,1.0,0.0,0.0,Bull
2021-06-14,1361.72,1.0,0.0,0.0,Bull
2021-06-16,1356.52,1.0,0.0,0.0,Bull
2021-06-17,1359.92,1.0,0.0,0.0,Bull
2021-06-18,1377.77,1.0,0.0,0.0,Bull
2021-06-21,1372.63,1.0,0.0,0.0,Bull
2021-06-22,1379.97,1.0,0.0,0.0,Bull
2021-06-23,1376.87,1.0,0.0,0.0,Bull
2021-06-24,1379.72,1.0,0.0,0.0,Bull
2021-06-25,1390.12,1.0,0.0,0.0,Bull
2021-06-28,1405.81,1.0,0.0,0.0,Bull
2021-06-29,1410.04,1.0,0.0,0.0,Bull
2021-06-30,1408.55,1.0,0.0,0.0,Bull
2021-07-01,1417.08,1.0,0.0,0.0,Bull
2021-07-02,1420.27,1.0,0.0,0.0,Bull
2021-07-05,1411.13,0.95,0.05,0.0,Bull
2021-07-06,1354.79,0.85,0.05,0.1,Bull
2021-07-07,1388.55,0.7,0.05,0.25,Bull
2021-07-08,1374.68,0.5,0.05,0.45,Bull
2021-07-09,1347.14,0.25,0.05,0.7,Bear
2021-07-12,1296.3,0.0,0.05,0.95,Bear
2021-07-13,1297.54,0.0,0.0,1.0,Bear
2021-07-14,1279.91,0.0,0.0,1.0,Bear
2021-07-15,1293.92,0.0,0.0,1.0,Bear
2021-07-16,1299.31,0.0,0.0,1.0,Bear
2021-07-19,1243.51,0.0,0.0,1.0,Bear
2021-07-20,1273.29,0.0,0.0,1.0,Bear
2021-07-21,1270.79,0.0,0.0,1.0,Bear
2021-07-22,1293.67,0.0,0.05,0.95,Bear
2021-07-23,1268.83,0.0,0.15,0.85,Bear
2021-07-26,1272.71,0.0,0.3,0.7,Bear
2021-07-27,1276.93,0.0,0.45,0.55,Bear
2021-07-28,1277.07,0.0,0.6,0.4,Neutral
2021-07-29,1293.6,0.2,0.6,0.2,Neutral
2021-07-30,1310.05,0.4,0.6,0.0,Neutral
2021-08-02,1314.22,0.55,0.45,0.0,Bull
2021-08-03,1332.44,0.7,0.3,0.0,Bull
2021-08-04,1334.74,0.85,0.15,0.0,Bull
2021-08-05,1345.55,0.95,0.05,0.0,Bull
2021-08-06,1341.45,1.0,0.0,0.0,Bull
2021-08-09,1359.86,1.0,0.0,0.0,Bull
2021-08-10,1362.43,1.0,0.0,0.0,Bull
2021-08-11,1357.79,1.0,0.0,0.0,Bull
2021-08-12,1353.05,1.0,0.0,0.0,Bull
2021-08-13,1357.05,1.0,0.0,0.0,Bull
2021-08-16,1370.96,1.0,0.0,0.0,Bull
2021-08-17,1363.09,0.95,0.05,0.0,Bull
2021-08-18,1360.94,0.85,0.15,0.0,Bull
2021-08-19,1374.85,0.75,0.25,0.0,Bull
2021-08-20,1329.43,0.6,0.4,0.0,Bull
2021-08-23,1298.86,0.45,0.55,0.0,Neutral
2021-08-24,1298.74,0.35,0.65,0.0,Neutral
2021-08-25,1309.55,0.3,0.7,0.0,Neutral
2021-08-26,1301.12,0.25,0.75,0.0,Neutral
2021-08-27,1313.2,0.25,0.75,0.0,Neutral
2021-08-30,1328.14,0.25,0.75,0.0,Neutral
2021-08-31,1331.47,0.3,0.7,0.0,Neutral
2021-09-01,1334.65,0.3,0.7,0.0,Neutral
2021-09-06,1346.39,0.3,0.7,0.0,Neutral
2021-09-07,1341.9,0.25,0.75,0.0,Neutral
2021-09-08,1333.61,0.2,0.8,0.0,Neutral
2021-09-09,1343.98,0.15,0.85,0.0,Neutral
2021-09-10,1345.31,0.1,0.9,0.0,Neutral
2021-09-13,1341.43,0.05,0.95,0.0,Neutral
2021-09-14,1339.7,0.0,1.0,0.0,Neutral
2021-09-15,1345.83,0.0,1.0,0.0,Neutral
2021-09-16,1345.87,0.0,1.0,0.0,Neutral
2021-09-17,1352.64,0.0,1.0,0.0,Neutral
2021-09-20,1350.48,0.0,1.0,0.0,Neutral
2021-09-21,1339.84,0.0,1.0,0.0,Neutral
2021-09-22,1350.68,0.0,1.0,0.0,Neutral
2021-09-23,1352.76,0.0,1.0,0.0,Neutral
2021-09-24,1351.17,0.0,1.0,0.0,Neutral
2021-09-27,1324.99,0.0,1.0,0.0,Neutral
2021-09-28,1339.31,0.0,1.0,0.0,Neutral
2021-09-29,1339.21,0.0,1.0,0.0,Neutral
2021-09-30,1342.06,0.05,0.95,0.0,Neutral
2021-10-01,1334.89,0.1,0.9,0.0,Neutral
2021-10-04,1339.54,0.2,0.8,0.0,Neutral
2021-10-05,1354.63,0.35,0.65,0.0,Neutral
2021-10-06,1362.82,0.55,0.45,0.0,Bull
2021-10-07,1365.99,0.7,0.3,0.0,Bull
2021-10-08,1372.73,0.85,0.15,0.0,Bull
2021-10-11,1394.09,0.95,0.05,0.0,Bull
2021-10-12,1394.8,1.0,0.0,0.0,Bull
2021-10-13,1391.91,1.0,0.0,0.0,Bull
2021-10-14,1391.85,1.0,0.0,0.0,Bull
2021-10-15,1392.7,1.0,0.0,0.0,Bull
2021-10-18,1395.53,1.0,0.0,0.0,Bull
2021-10-19,1395.33,1.0,0.0,0.0,Bull
2021-10-20,1393.8,1.0,0.0,0.0,Bull
2021-10-21,1384.77,1.0,0.0,0.0,Bull
2021-10-22,1389.24,1.0,0.0,0.0,Bull
2021-10-25,1385.4,1.0,0.0,0.0,Bull
2021-10-26,1391.63,1.0,0.0,0.0,Bull
2021-10-27,1423.02,1.0,0.0,0.0,Bull
2021-10-28,1438.01,1.0,0.0,0.0,Bull
2021-10-29,1444.27,1.0,0.0,0.0,Bull
2021-11-01,1438.97,1.0,0.0,0.0,Bull
2021-11-02,1452.46,1.0,0.0,0.0,Bull
2021-11-03,1444.3,1.0,0.0,0.0,Bull
2021-11-04,1448.34,1.0,0.0,0.0,Bull
2021-11-05,1456.51,1.0,0.0,0.0,Bull
2021-11-08,1467.57,1.0,0.0,0.0,Bull
2021-11-09,1461.5,1.0,0.0,0.0,Bull
2021-11-10,1465.02,1.0,0.0,0.0,Bull
2021-11-11,1462.35,1.0,0.0,0.0,Bull
2021-11-12,1473.37,1.0,0.0,0.0,Bull
2021-11-15,1476.57,1.0,0.0,0.0,Bull
2021-11-16,1466.45,1.0,0.0,0.0,Bull
2021-11-17,1475.85,1.0,0.0,0.0,Bull
2021-11-18,1469.83,1.0,0.0,0.0,Bull
2021-11-19,1452.35,1.0,0.0,0.0,Bull
2021-11-22,1447.25,1.0,0.0,0.0,Bull
2021-11-23,1463.63,1.0,0.0,0.0,Bull
2021-11-24,1488.87,1.0,0.0,0.0,Bull
2021-11-25,1500.81,1.0,0.0,0.0,Bull
2021-11-26,1493.03,1.0,0.0,0.0,Bull
2021-11-29,1484.84,1.0,0.0,0.0,Bull
2021-11-30,1478.44,1.0,0.0,0.0,Bull
2021-12-01,1485.19,0.95,0.05,0.0,Bull
2021-12-02,1482.05,0.85,0.15,0.0,Bull
2021-12-03,1443.32,0.7,0.3,0.0,Bull
2021-12-06,1413.58,0.55,0.45,0.0,Bull
2021-12-07,1446.77,0.45,0.55,0.0,Neutral
2021-12-08,1452.87,0.4,0.6,0.0,Neutral
2021-12-09,1467.98,0.35,0.65,0.0,Neutral
2021-12-10,1463.54,0.35,0.65,0.0,Neutral
2021-12-13,1476.21,0.3,0.7,0.0,Neutral
2021-12-14,1476.02,0.25,0.75,0.0,Neutral
2021-12-15,1475.5,0.2,0.8,0.0,Neutral
2021-12-16,1476.61,0.15,0.85,0.0,Neutral
2021-12-17,1479.79,0.1,0.9,0.0,Neutral
2021-12-20,1477.33,0.05,0.95,0.0,Neutral
2021-12-21,1478.74,0.0,1.0,0.0,Neutral
2021-12-22,1477.67,0.0,1.0,0.0,Neutral
2021-12-23,1456.96,0.0,1.0,0.0,Neutral
2021-12-24,1477.03,0.0,1.0,0.0,Neutral
2021-12-27,1488.88,0.0,1.0,0.0,Neutral
2021-12-28,1494.39,0.0,1.0,0.0,Neutral
2021-12-29,1485.82,0.0,1.0,0.0,Neutral
2021-12-30,1485.97,0.0,1.0,0.0,Neutral
2021-12-31,1498.28,0.05,0.95,0.0,Neutral
2022-01-04,1525.58,0.1,0.9,0.0,Neutral
2022-01-05,1522.5,0.15,0.85,0.0,Neutral
2022-01-06,1528.57,0.15,0.85,0.0,Neutral
2022-01-07,1528.48,0.1,0.9,0.0,Neutral
2022-01-10,1503.71,0.05,0.95,0.0,Neutral
2022-01-11,1492.31,0.0,1.0,0.0,Neutral
2022-01-12,1510.51,0.0,1.0,0.0,Neutral
2022-01-13,1496.05,0.0,1.0,0.0,Neutral
2022-01-14,1496.02,0.0,0.95,0.05,Neutral
2022-01-17,1452.84,0.0,0.8,0.2,Neutral
2022-01-18,1438.94,0.0,0.65,0.35,Neutral
2022-01-19,1442.79,0.0,0.6,0.4,Neutral
2022-01-20,1465.3,0.0,0.65,0.35,Neutral
2022-01-21,1472.89,0.0,0.7,0.3,Neutral
2022-01-24,1439.71,0.0,0.75,0.25,Neutral
2022-01-25,1479.58,0.0,0.85,0.15,Neutral
2022-01-26,1481.58,0.0,0.95,0.05,Neutral
2022-01-27,1470.76,0.0,1.0,0.0,Neutral
2022-01-28,1478.96,0.0,1.0,0.0,Neutral
2022-02-07,1497.66,0.0,1.0,0.0,Neutral
2022-02-08,1500.99,0.0,1.0,0.0,Neutral
2022-02-09,1505.38,0.0,1.0,0.0,Neutral
2022-02-10,1506.79,0.0,1.0,0.0,Neutral
2022-02-11,1501.71,0.0,1.0,0.0,Neutral
2022-02-14,1471.96,0.0,1.0,0.0,Neutral
2022-02-15,1492.75,0.0,1.0,0.0,Neutral
2022-02-16,1492.1,0.0,1.0,0.0,Neutral
2022-02-17,1507.99,0.0,1.0,0.0,Neutral
2022-02-18,1504.84,0.0,1.0,0.0,Neutral
2022-02-21,1510.84,0.0,1.0,0.0,Neutral
2022-02-22,1503.47,0.0,1.0,0.0,Neutral
2022-02-23,1512.3,0.0,1.0,0.0,Neutral
2022-02-24,1494.85,0.0,1.0,0.0,Neutral
2022-02-25,1498.89,0.0,1.0,0.0,Neutral
2022-02-28,1490.13,0.0,1.0,0.0,Neutral
2022-03-01,1498.78,0.0,1.0,0.0,Neutral
2022-03-02,1485.52,0.0,1.0,0.0,Neutral
2022-03-03,1505.0,0.0,1.0,0.0,Neutral
2022-03-04,1505.33,0.0,1.0,0.0,Neutral
2022-03-07,1499.05,0.0,1.0,0.0,Neutral
2022-03-08,1473.71,0.0,1.0,0.0,Neutral
2022-03-09,1473.74,0.0,1.0,0.0,Neutral
2022-03-10,1479.08,0.0,1.0,0.0,Neutral
2022-03-11,1466.54,0.0,1.0,0.0,Neutral
2022-03-14,1446.25,0.0,0.95,0.05,Neutral
2022-03-15,1452.74,0.0,0.95,0.05,Neutral
2022-03-16,1459.33,0.0,1.0,0.0,Neutral
2022-03-17,1461.34,0.0,1.0,0.0,Neutral
2022-03-18,1469.1,0.0,1.0,0.0,Neutral
2022-03-21,1494.95,0.0,1.0,0.0,Neutral
2022-03-22,1503.78,0.0,1.0,0.0,Neutral
2022-03-23,1502.34,0.0,1.0,0.0,Neutral
2022-03-24,1498.26,0.0,1.0,0.0,Neutral
2022-03-25,1498.5,0.0,1.0,0.0,Neutral
2022-03-28,1483.18,0.0,1.0,0.0,Neutral
2022-03-29,1497.76,0.0,1.0,0.0,Neutral
2022-03-30,1490.51,0.0,1.0,0.0,Neutral
2022-03-31,1492.15,0.0,1.0,0.0,Neutral
2022-04-01,1516.44,0.0,1.0,0.0,Neutral
2022-04-04,1524.7,0.0,1.0,0.0,Neutral
2022-04-05,1520.03,0.0,1.0,0.0,Neutral
2022-04-06,1522.9,0.0,1.0,0.0,Neutral
2022-04-07,1502.35,0.0,0.95,0.05,Neutral
2022-04-08,1482.0,0.0,0.75,0.25,Neutral
2022-04-12,1455.25,0.0,0.5,0.5,Neutral
2022-04-13,1477.2,0.0,0.35,0.65,Bear
2022-04-14,1472.12,0.0,0.2,0.8,Bear
2022-04-15,1458.56,0.0,0.05,0.95,Bear
2022-04-18,1432.6,0.0,0.0,1.0,Bear
2022-04-19,1406.45,0.0,0.0,1.0,Bear
2022-04-20,1384.72,0.0,0.0,1.0,Bear
2022-04-21,1370.21,0.0,0.0,1.0,Bear
2022-04-22,1379.23,0.0,0.0,1.0,Bear
2022-04-25,1310.92,0.0,0.0,1.0,Bear
2022-04-26,1341.34,0.0,0.0,1.0,Bear
2022-04-27,1353.77,0.0,0.0,1.0,Bear
2022-04-28,1350.99,0.0,0.0,1.0,Bear
2022-04-29,1366.8,0.0,0.0,1.0,Bear
2022-05-04,1348.68,0.0,0.0,1.0,Bear
2022-05-05,1360.68,0.0,0.0,1.0,Bear
2022-05-06,1329.26,0.0,0.0,1.0,Bear
2022-05-09,1269.62,0.0,0.0,1.0,Bear
2022-05-10,1293.56,0.0,0.0,1.0,Bear
2022-05-11,1301.53,0.0,0.0,1.0,Bear
2022-05-12,1238.84,0.0,0.0,1.0,Bear
2022-05-13,1182.77,0.0,0.0,1.0,Bear
2022-05-16,1171.95,0.0,0.0,1.0,Bear
2022-05-17,1228.37,0.0,0.0,1.0,Bear
2022-05-18,1240.76,0.0,0.0,1.0,Bear
2022-05-19,1241.64,0.0,0.0,1.0,Bear
2022-05-20,1240.71,0.0,0.0,1.0,Bear
2022-05-23,1218.81,0.0,0.0,1.0,Bear
2022-05-24,1233.38,0.0,0.0,1.0,Bear
2022-05-25,1268.43,0.0,0.05,0.95,Bear
2022-05-26,1268.57,0.0,0.15,0.85,Bear
2022-05-27,1285.45,0.0,0.3,0.7,Bear
2022-05-30,1293.92,0.0,0.5,0.5,Neutral
2022-05-31,1292.68,0.0,0.7,0.3,Neutral
2022-06-01,1299.52,0.0,0.9,0.1,Neutral
2022-06-02,1288.62,0.0,1.0,0.0,Neutral
2022-06-03,1287.98,0.0,1.0,0.0,Neutral
2022-06-06,1290.01,0.0,1.0,0.0,Neutral
2022-06-07,1291.35,0.0,1.0,0.0,Neutral
2022-06-08,1307.91,0.0,1.0,0.0,Neutral
2022-06-09,1307.8,0.0,0.95,0.05,Neutral
2022-06-10,1284.08,0.0,0.75,0.25,Neutral
2022-06-13,1227.04,0.0,0.4,0.6,Bear
2022-06-14,1230.31,0.0,0.15,0.85,Bear
2022-06-15,1213.93,0.0,0.0,1.0,Bear
2022-06-16,1236.63,0.0,0.0,1.0,Bear
2022-06-17,1217.3,0.0,0.0,1.0,Bear
2022-06-20,1180.4,0.0,0.0,1.0,Bear
2022-06-21,1172.47,0.0,0.0,1.0,Bear
2022-06-22,1169.27,0.0,0.0,1.0,Bear
2022-06-23,1188.88,0.0,0.0,1.0,Bear
2022-06-24,1185.48,0.0,0.0,1.0,Bear
2022-06-27,1202.82,0.0,0.0,1.0,Bear
2022-06-28,1218.1,0.0,0.0,1.0,Bear
2022-06-29,1218.09,0.0,0.0,1.0,Bear
2022-06-30,1197.6,0.0,0.0,1.0,Bear
2022-07-01,1198.9,0.0,0.0,1.0,Bear
2022-07-04,1195.53,0.0,0.0,1.0,Bear
2022-07-05,1181.29,0.0,0.0,1.0,Bear
2022-07-06,1149.61,0.0,0.0,1.0,Bear
2022-07-07,1166.48,0.0,0.0,1.0,Bear
2022-07-08,1171.31,0.0,0.05,0.95,Bear
2022-07-11,1155.29,0.0,0.15,0.85,Bear
2022-07-12,1174.82,0.0,0.3,0.7,Bear
2022-07-13,1173.92,0.0,0.5,0.5,Neutral
2022-07-14,1182.17,0.0,0.7,0.3,Neutral
2022-07-15,1179.25,0.0,0.85,0.15,Neutral
2022-07-18,1176.49,0.0,0.95,0.05,Neutral
2022-07-19,1178.33,0.0,1.0,0.0,Neutral
2022-07-20,1194.14,0.0,1.0,0.0,Neutral
2022-07-21,1198.47,0.0,1.0,0.0,Neutral
2022-07-22,1194.76,0.0,1.0,0.0,Neutral
2022-07-25,1188.5,0.0,1.0,0.0,Neutral
2022-07-26,1185.07,0.0,1.0,0.0,Neutral
2022-07-27,1191.04,0.0,1.0,0.0,Neutral
2022-07-28,1208.12,0.0,1.0,0.0,Neutral
2022-07-29,1206.33,0.1,0.9,0.0,Neutral
2022-08-01,1231.35,0.25,0.75,0.0,Neutral
2022-08-02,1241.62,0.45,0.55,0.0,Neutral
2022-08-03,1249.76,0.65,0.35,0.0,Bull
2022-08-04,1254.15,0.8,0.2,0.0,Bull
2022-08-05,1252.74,0.9,0.1,0.0,Bull
2022-08-08,1256.75,0.95,0.05,0.0,Bull
2022-08-09,1258.85,1.0,0.0,0.0,Bull
2022-08-10,1256.5,1.0,0.0,0.0,Bull
2022-08-11,1252.07,1.0,0.0,0.0,Bull
2022-08-12,1262.33,1.0,0.0,0.0,Bull
2022-08-15,1274.2,1.0,0.0,0.0,Bull
2022-08-16,1274.69,1.0,0.0,0.0,Bull
2022-08-17,1275.28,1.0,0.0,0.0,Bull
2022-08-18,1273.66,1.0,0.0,0.0,Bull
2022-08-19,1269.18,1.0,0.0,0.0,Bull
2022-08-22,1260.43,0.95,0.05,0.0,Bull
2022-08-23,1270.81,0.95,0.05,0.0,Bull
2022-08-24,1277.16,0.95,0.05,0.0,Bull
2022-08-25,1288.88,0.9,0.1,0.0,Bull
2022-08-26,1282.57,0.8,0.2,0.0,Bull
2022-08-29,1270.8,0.7,0.3,0.0,Bull
2022-08-30,1279.39,0.6,0.4,0.0,Bull
2022-08-31,1280.51,0.5,0.5,0.0,Bull
2022-09-05,1277.35,0.35,0.65,0.0,Neutral
2022-09-06,1277.4,0.2,0.8,0.0,Neutral
2022-09-07,1243.17,0.05,0.95,0.0,Neutral
2022-09-08,1234.6,0.0,1.0,0.0,Neutral
2022-09-09,1248.78,0.0,1.0,0.0,Neutral
2022-09-12,1249.62,0.0,1.0,0.0,Neutral
2022-09-13,1248.4,0.0,1.0,0.0,Neutral
2022-09-14,1240.77,0.0,1.0,0.0,Neutral
2022-09-15,1245.66,0.0,0.95,0.05,Neutral
2022-09-16,1234.03,0.0,0.8,0.2,Neutral
2022-09-19,1205.43,0.0,0.6,0.4,Neutral
2022-09-20,1218.93,0.0,0.45,0.55,Bear
2022-09-21,1210.55,0.0,0.3,0.7,Bear
2022-09-22,1214.7,0.0,0.2,0.8,Bear
2022-09-23,1203.28,0.0,0.1,0.9,Bear
2022-09-26,1174.35,0.0,0.0,1.0,Bear
2022-09-27,1166.54,0.0,0.0,1.0,Bear
2022-09-28,1143.62,0.0,0.0,1.0,Bear
2022-09-29,1126.07,0.0,0.0,1.0,Bear
2022-09-30,1132.11,0.0,0.0,1.0,Bear
2022-10-03,1086.44,0.0,0.0,1.0,Bear
2022-10-04,1078.14,0.0,0.0,1.0,Bear
2022-10-05,1104.26,0.0,0.0,1.0,Bear
2022-10-06,1074.52,0.0,0.0,1.0,Bear
2022-10-07,1035.91,0.0,0.0,1.0,Bear
2022-10-10,1042.48,0.0,0.0,1.0,Bear
2022-10-11,1006.2,0.0,0.0,1.0,Bear
2022-10-12,1034.81,0.0,0.0,1.0,Bear
2022-10-13,1050.99,0.0,0.0,1.0,Bear
2022-10-14,1061.85,0.0,0.0,1.0,Bear
2022-10-17,1051.58,0.0,0.0,1.0,Bear
2022-10-18,1063.66,0.0,0.0,1.0,Bear
2022-10-19,1060.07,0.0,0.0,1.0,Bear
2022-10-20,1058.45,0.0,0.0,1.0,Bear
2022-10-21,1019.82,0.0,0.0,1.0,Bear
2022-10-24,986.15,0.0,0.0,1.0,Bear
2022-10-25,997.7,0.0,0.0,1.0,Bear
2022-10-26,993.36,0.0,0.0,1.0,Bear
2022-10-27,1028.01,0.0,0.0,1.0,Bear
2022-10-28,1027.36,0.0,0.0,1.0,Bear
2022-10-31,1027.94,0.0,0.0,1.0,Bear
2022-11-01,1033.75,0.0,0.0,1.0,Bear
2022-11-02,1023.19,0.0,0.0,1.0,Bear
2022-11-03,1019.81,0.0,0.0,1.0,Bear
2022-11-04,997.15,0.0,0.0,1.0,Bear
2022-11-07,975.19,0.0,0.0,1.0,Bear
2022-11-08,981.65,0.0,0.0,1.0,Bear
2022-11-09,985.59,0.0,0.0,1.0,Bear
2022-11-10,947.24,0.0,0.0,1.0,Bear
2022-11-11,954.53,0.0,0.0,1.0,Bear
2022-11-14,941.04,0.0,0.0,1.0,Bear
2022-11-15,911.9,0.0,0.0,1.0,Bear
2022-11-16,942.9,0.0,0.0,1.0,Bear
2022-11-17,969.26,0.0,0.0,1.0,Bear
2022-11-18,969.33,0.0,0.0,1.0,Bear
2022-11-21,960.65,0.0,0.0,1.0,Bear
2022-11-22,952.12,0.0,0.0,1.0,Bear
2022-11-23,946.0,0.0,0.0,1.0,Bear
2022-11-24,947.71,0.0,0.1,0.9,Bear
2022-11-25,971.46,0.2,0.1,0.7,Bear
2022-11-28,1005.69,0.45,0.1,0.45,Bull
2022-11-29,1032.16,0.7,0.1,0.2,Bull
2022-11-30,1048.42,0.9,0.1,0.0,Bull
2022-12-01,1036.28,1.0,0.0,0.0,Bull
2022-12-02,1080.01,1.0,0.0,0.0,Bull
2022-12-05,1093.67,1.0,0.0,0.0,Bull
2022-12-06,1048.69,1.0,0.0,0.0,Bull
2022-12-07,1041.02,1.0,0.0,0.0,Bull
2022-12-08,1050.53,1.0,0.0,0.0,Bull
2022-12-09,1051.81,0.95,0.05,0.0,Bull
2022-12-12,1032.07,0.85,0.15,0.0,Bull
2022-12-13,1047.45,0.75,0.25,0.0,Bull
2022-12-14,1050.43,0.65,0.35,0.0,Bull
2022-12-15,1055.32,0.55,0.45,0.0,Bull
2022-12-16,1052.48,0.45,0.55,0.0,Neutral
2022-12-19,1038.4,0.3,0.7,0.0,Neutral
2022-12-20,1023.13,0.15,0.85,0.0,Neutral
2022-12-21,1018.88,0.05,0.95,0.0,Neutral
2022-12-22,1022.61,0.0,1.0,0.0,Neutral
2022-12-23,1020.34,0.0,1.0,0.0,Neutral
2022-12-26,985.21,0.0,0.95,0.05,Neutral
2022-12-27,1004.57,0.0,0.95,0.05,Neutral
2022-12-28,1015.66,0.0,1.0,0.0,Neutral
2022-12-29,1009.29,0.0,1.0,0.0,Neutral
2022-12-30,1007.09,0.0,1.0,0.0,Neutral
2023-01-03,1043.9,0.0,1.0,0.0,Neutral
2023-01-04,1046.35,0.0,1.0,0.0,Neutral
2023-01-05,1055.82,0.0,1.0,0.0,Neutral
2023-01-06,1051.44,0.0,1.0,0.0,Neutral
2023-01-09,1054.21,0.0,1.0,0.0,Neutral
2023-01-10,1053.35,0.0,1.0,0.0,Neutral
2023-01-11,1055.76,0.0,1.0,0.0,Neutral
2023-01-12,1056.39,0.0,1.0,0.0,Neutral
2023-01-13,1060.17,0.0,1.0,0.0,Neutral
2023-01-16,1066.68,0.0,1.0,0.0,Neutral
2023-01-17,1088.29,0.05,0.95,0.0,Neutral
2023-01-18,1098.28,0.15,0.85,0.0,Neutral
2023-01-19,1108.08,0.2,0.8,0.0,Neutral
2023-01-27,1117.1,0.25,0.75,0.0,Neutral
2023-01-30,1102.57,0.2,0.8,0.0,Neutral
2023-01-31,1111.18,0.15,0.85,0.0,Neutral
2023-02-01,1075.97,0.1,0.9,0.0,Neutral
2023-02-02,1077.59,0.05,0.95,0.0,Neutral
2023-02-03,1077.15,0.0,1.0,0.0,Neutral
2023-02-06,1089.29,0.0,1.0,0.0,Neutral
2023-02-07,1065.84,0.0,1.0,0.0,Neutral
2023-02-08,1072.22,0.0,1.0,0.0,Neutral
2023-02-09,1064.03,0.0,1.0,0.0,Neutral
2023-02-10,1055.3,0.0,1.0,0.0,Neutral
2023-02-13,1043.7,0.0,1.0,0.0,Neutral
2023-02-14,1038.64,0.0,1.0,0.0,Neutral
2023-02-15,1048.2,0.0,1.0,0.0,Neutral
2023-02-16,1058.29,0.0,1.0,0.0,Neutral
2023-02-17,1059.31,0.0,1.0,0.0,Neutral
2023-02-20,1086.69,0.0,1.0,0.0,Neutral
2023-02-21,1082.23,0.0,1.0,0.0,Neutral
2023-02-22,1054.28,0.0,1.0,0.0,Neutral
2023-02-23,1053.66,0.0,1.0,0.0,Neutral
2023-02-24,1039.56,0.0,1.0,0.0,Neutral
2023-02-27,1021.25,0.0,1.0,0.0,Neutral
2023-02-28,1024.68,0.0,1.0,0.0,Neutral
2023-03-01,1040.55,0.0,1.0,0.0,Neutral
2023-03-02,1037.61,0.0,1.0,0.0,Neutral
2023-03-03,1024.77,0.0,1.0,0.0,Neutral
2023-03-06,1027.18,0.0,1.0,0.0,Neutral
2023-03-07,1037.84,0.0,1.0,0.0,Neutral
2023-03-08,1049.18,0.0,1.0,0.0,Neutral
2023-03-09,1055.95,0.0,1.0,0.0,Neutral
2023-03-10,1053.0,0.0,1.0,0.0,Neutral
2023-03-13,1052.8,0.0,1.0,0.0,Neutral
2023-03-14,1040.13,0.0,1.0,0.0,Neutral
2023-03-15,1062.19,0.0,1.0,0.0,Neutral
2023-03-16,1047.4,0.0,1.0,0.0,Neutral
2023-03-17,1045.14,0.0,1.0,0.0,Neutral
2023-03-20,1023.1,0.0,1.0,0.0,Neutral
2023-03-21,1032.43,0.0,1.0,0.0,Neutral
2023-03-22,1040.54,0.0,1.0,0.0,Neutral
2023-03-23,1045.1,0.0,1.0,0.0,Neutral
2023-03-24,1046.79,0.0,1.0,0.0,Neutral
2023-03-27,1052.25,0.0,1.0,0.0,Neutral
2023-03-28,1054.29,0.0,1.0,0.0,Neutral
2023-03-29,1056.33,0.0,1.0,0.0,Neutral
2023-03-30,1059.44,0.0,1.0,0.0,Neutral
2023-03-31,1064.64,0.0,1.0,0.0,Neutral
2023-04-03,1079.28,0.0,1.0,0.0,Neutral
2023-04-04,1078.45,0.0,1.0,0.0,Neutral
2023-04-05,1080.86,0.0,1.0,0.0,Neutral
2023-04-06,1070.91,0.0,1.0,0.0,Neutral
2023-04-07,1069.71,0.0,1.0,0.0,Neutral
2023-04-10,1065.35,0.0,1.0,0.0,Neutral
2023-04-11,1069.46,0.0,1.0,0.0,Neutral
2023-04-12,1069.45,0.0,1.0,0.0,Neutral
2023-04-13,1064.3,0.0,1.0,0.0,Neutral
2023-04-14,1052.89,0.0,1.0,0.0,Neutral
2023-04-17,1053.81,0.0,1.0,0.0,Neutral
2023-04-18,1055.02,0.0,1.0,0.0,Neutral
2023-04-19,1048.98,0.0,1.0,0.0,Neutral
2023-04-20,1049.25,0.0,1.0,0.0,Neutral
2023-04-21,1042.91,0.0,1.0,0.0,Neutral
2023-04-24,1041.36,0.0,1.0,0.0,Neutral
2023-04-25,1034.85,0.0,1.0,0.0,Neutral
2023-04-26,1040.8,0.0,1.0,0.0,Neutral
2023-04-27,1039.63,0.0,1.0,0.0,Neutral
2023-04-28,1049.12,0.0,1.0,0.0,Neutral
2023-05-04,1040.61,0.0,1.0,0.0,Neutral
2023-05-05,1040.31,0.0,1.0,0.0,Neutral
2023-05-08,1053.44,0.0,1.0,0.0,Neutral
2023-05-09,1053.77,0.0,1.0,0.0,Neutral
2023-05-10,1058.26,0.0,1.0,0.0,Neutral
2023-05-11,1057.12,0.0,1.0,0.0,Neutral
2023-05-12,1066.9,0.0,1.0,0.0,Neutral
2023-05-15,1065.71,0.0,1.0,0.0,Neutral
2023-05-16,1065.91,0.0,1.0,0.0,Neutral
2023-05-17,1060.44,0.0,1.0,0.0,Neutral
2023-05-18,1068.31,0.0,1.0,0.0,Neutral
2023-05-19,1067.07,0.0,1.0,0.0,Neutral
2023-05-22,1070.64,0.0,1.0,0.0,Neutral
2023-05-23,1065.85,0.0,1.0,0.0,Neutral
2023-05-24,1061.79,0.0,1.0,0.0,Neutral
2023-05-25,1064.63,0.0,1.0,0.0,Neutral
2023-05-26,1063.76,0.1,0.9,0.0,Neutral
2023-05-29,1074.98,0.25,0.75,0.0,Neutral
2023-05-30,1078.05,0.4,0.6,0.0,Neutral
2023-05-31,1075.17,0.55,0.45,0.0,Bull
2023-06-01,1078.39,0.7,0.3,0.0,Bull
2023-06-02,1090.84,0.85,0.15,0.0,Bull
2023-06-05,1097.82,0.95,0.05,0.0,Bull
2023-06-06,1108.31,1.0,0.0,0.0,Bull
2023-06-07,1109.54,1.0,0.0,0.0,Bull
2023-06-08,1101.32,1.0,0.0,0.0,Bull
2023-06-09,1107.53,1.0,0.0,0.0,Bull
2023-06-12,1116.02,1.0,0.0,0.0,Bull
2023-06-13,1122.46,1.0,0.0,0.0,Bull
2023-06-14,1117.42,1.0,0.0,0.0,Bull
2023-06-15,1116.97,1.0,0.0,0.0,Bull
2023-06-16,1115.22,1.0,0.0,0.0,Bull
2023-06-19,1105.4,1.0,0.0,0.0,Bull
2023-06-20,1111.72,1.0,0.0,0.0,Bull
2023-06-21,1118.46,1.0,0.0,0.0,Bull
2023-06-22,1125.3,1.0,0.0,0.0,Bull
2023-06-23,1129.38,1.0,0.0,0.0,Bull
2023-06-26,1132.03,1.0,0.0,0.0,Bull
2023-06-27,1134.33,1.0,0.0,0.0,Bull
2023-06-28,1138.35,1.0,0.0,0.0,Bull
2023-06-29,1125.39,1.0,0.0,0.0,Bull
2023-06-30,1120.18,1.0,0.0,0.0,Bull
2023-07-03,1125.5,1.0,0.0,0.0,Bull
2023-07-04,1132.0,1.0,0.0,0.0,Bull
2023-07-05,1134.62,1.0,0.0,0.0,Bull
2023-07-06,1126.22,1.0,0.0,0.0,Bull
2023-07-07,1138.07,1.0,0.0,0.0,Bull
2023-07-10,1149.02,1.0,0.0,0.0,Bull
2023-07-11,1151.77,1.0,0.0,0.0,Bull
2023-07-12,1154.2,1.0,0.0,0.0,Bull
2023-07-13,1165.42,1.0,0.0,0.0,Bull
2023-07-20,1172.81,1.0,0.0,0.0,Bull
2023-07-21,1185.9,1.0,0.0,0.0,Bull
2023-07-24,1190.72,1.0,0.0,0.0,Bull
2023-07-25,1195.9,1.0,0.0,0.0,Bull
2023-07-26,1200.84,1.0,0.0,0.0,Bull
2023-07-27,1197.33,1.0,0.0,0.0,Bull
2023-08-01,1217.56,1.0,0.0,0.0,Bull
2023-08-02,1220.43,1.0,0.0,0.0,Bull
2023-08-03,1210.95,1.0,0.0,0.0,Bull
2023-08-04,1225.98,1.0,0.0,0.0,Bull
2023-08-07,1241.42,1.0,0.0,0.0,Bull
2023-08-08,1242.23,1.0,0.0,0.0,Bull
2023-08-09,1233.99,1.0,0.0,0.0,Bull
2023-08-10,1220.61,1.0,0.0,0.0,Bull
2023-08-11,1232.21,1.0,0.0,0.0,Bull
2023-08-14,1236.84,1.0,0.0,0.0,Bull
2023-08-15,1234.05,1.0,0.0,0.0,Bull
2023-08-16,1243.26,1.0,0.0,0.0,Bull
2023-08-17,1233.48,1.0,0.0,0.0,Bull
2023-08-18,1177.99,0.8,0.0,0.2,Bull
2023-08-21,1179.76,0.65,0.0,0.35,Bull
2023-08-22,1180.49,0.55,0.0,0.45,Bull
2023-08-23,1172.56,0.55,0.0,0.45,Bull
2023-08-24,1189.39,0.6,0.0,0.4,Bull
2023-08-25,1183.37,0.75,0.0,0.25,Bull
2023-08-28,1201.72,0.9,0.0,0.1,Bull
2023-08-29,1204.43,1.0,0.0,0.0,Bull
2023-08-30,1213.16,1.0,0.0,0.0,Bull
2023-08-31,1224.05,1.0,0.0,0.0,Bull
2023-09-05,1234.98,1.0,0.0,0.0,Bull
2023-09-06,1245.5,1.0,0.0,0.0,Bull
2023-09-07,1243.14,1.0,0.0,0.0,Bull
2023-09-08,1241.48,1.0,0.0,0.0,Bull
2023-09-11,1223.63,0.95,0.05,0.0,Bull
2023-09-12,1245.44,0.85,0.15,0.0,Bull
2023-09-13,1238.39,0.75,0.25,0.0,Bull
2023-09-14,1223.81,0.6,0.4,0.0,Bull
2023-09-15,1227.36,0.45,0.55,0.0,Neutral
2023-09-18,1211.81,0.35,0.65,0.0,Neutral
2023-09-19,1211.5,0.25,0.65,0.1,Neutral
2023-09-20,1226.11,0.15,0.65,0.2,Neutral
2023-09-21,1212.74,0.0,0.65,0.35,Neutral
2023-09-22,1193.05,0.0,0.4,0.6,Bear
2023-09-25,1153.2,0.0,0.15,0.85,Bear
2023-09-26,1137.96,0.0,0.0,1.0,Bear
2023-09-27,1153.85,0.0,0.0,1.0,Bear
2023-09-28,1152.43,0.0,0.0,1.0,Bear
2023-09-29,1154.15,0.0,0.0,1.0,Bear
2023-10-02,1155.25,0.0,0.0,1.0,Bear
2023-10-03,1118.1,0.0,0.0,1.0,Bear
2023-10-04,1128.67,0.0,0.0,1.0,Bear
2023-10-05,1113.89,0.0,0.0,1.0,Bear
2023-10-06,1128.54,0.0,0.0,1.0,Bear
2023-10-09,1137.36,0.0,0.0,1.0,Bear
2023-10-10,1143.69,0.0,0.0,1.0,Bear
2023-10-11,1150.81,0.0,0.0,1.0,Bear
2023-10-12,1151.61,0.0,0.05,0.95,Bear
2023-10-13,1154.73,0.0,0.05,0.95,Bear
2023-10-16,1141.42,0.0,0.05,0.95,Bear
2023-10-17,1121.65,0.0,0.0,1.0,Bear
2023-10-18,1103.4,0.0,0.0,1.0,Bear
2023-10-19,1087.85,0.0,0.0,1.0,Bear
2023-10-20,1108.03,0.0,0.0,1.0,Bear
2023-10-23,1093.53,0.0,0.0,1.0,Bear
2023-10-24,1105.9,0.0,0.0,1.0,Bear
2023-10-25,1101.66,0.0,0.0,1.0,Bear
2023-10-26,1055.45,0.0,0.0,1.0,Bear
2023-10-27,1060.62,0.0,0.0,1.0,Bear
2023-10-30,1042.4,0.0,0.0,1.0,Bear
2023-10-31,1028.19,0.0,0.0,1.0,Bear
2023-11-01,1039.66,0.0,0.0,1.0,Bear
2023-11-02,1075.47,0.0,0.0,1.0,Bear
2023-11-03,1076.78,0.0,0.0,1.0,Bear
2023-11-06,1089.66,0.0,0.1,0.9,Bear
2023-11-07,1080.29,0.0,0.25,0.75,Bear
2023-11-08,1113.43,0.0,0.5,0.5,Neutral
2023-11-09,1113.89,0.0,0.7,0.3,Neutral
2023-11-10,1101.68,0.0,0.85,0.15,Neutral
2023-11-13,1100.07,0.0,0.95,0.05,Neutral
2023-11-14,1109.73,0.0,1.0,0.0,Neutral
2023-11-15,1122.5,0.0,1.0,0.0,Neutral
2023-11-16,1125.53,0.0,1.0,0.0,Neutral
2023-11-17,1101.19,0.0,1.0,0.0,Neutral
2023-11-20,1103.66,0.0,1.0,0.0,Neutral
2023-11-21,1110.46,0.0,1.0,0.0,Neutral
2023-11-22,1113.82,0.0,1.0,0.0,Neutral
2023-11-23,1088.49,0.0,1.0,0.0,Neutral
2023-11-24,1095.61,0.0,1.0,0.0,Neutral
2023-11-27,1088.06,0.0,1.0,0.0,Neutral
2023-11-28,1095.43,0.0,1.0,0.0,Neutral
2023-11-29,1102.8,0.0,1.0,0.0,Neutral
2023-11-30,1094.13,0.0,1.0,0.0,Neutral
2023-12-01,1102.16,0.0,1.0,0.0,Neutral
2023-12-04,1120.49,0.0,1.0,0.0,Neutral
2023-12-05,1115.97,0.0,1.0,0.0,Neutral
2023-12-06,1126.43,0.0,1.0,0.0,Neutral
2023-12-07,1121.49,0.0,1.0,0.0,Neutral
2023-12-08,1124.44,0.0,1.0,0.0,Neutral
2023-12-11,1125.5,0.0,1.0,0.0,Neutral
2023-12-12,1127.63,0.0,1.0,0.0,Neutral
2023-12-13,1114.2,0.0,1.0,0.0,Neutral
2023-12-14,1110.13,0.0,1.0,0.0,Neutral
2023-12-15,1102.3,0.0,1.0,0.0,Neutral
2023-12-18,1091.88,0.0,1.0,0.0,Neutral
2023-12-19,1096.3,0.0,1.0,0.0,Neutral
2023-12-20,1100.76,0.0,1.0,0.0,Neutral
2023-12-21,1102.43,0.0,1.0,0.0,Neutral
2023-12-22,1103.06,0.05,0.95,0.0,Neutral
2023-12-25,1117.66,0.2,0.8,0.0,Neutral
2023-12-26,1122.25,0.35,0.65,0.0,Neutral
2023-12-27,1121.99,0.5,0.5,0.0,Bull
2023-12-28,1128.93,0.65,0.35,0.0,Bull
2023-12-29,1129.93,0.75,0.25,0.0,Bull
2024-01-02,1131.72,0.85,0.15,0.0,Bull
2024-01-03,1144.17,0.95,0.05,0.0,Bull
2024-01-04,1150.72,1.0,0.0,0.0,Bull
2024-01-05,1154.68,1.0,0.0,0.0,Bull
2024-01-08,1160.19,1.0,0.0,0.0,Bull
2024-01-09,1158.59,1.0,0.0,0.0,Bull
2024-01-10,1161.54,1.0,0.0,0.0,Bull
2024-01-11,1162.22,1.0,0.0,0.0,Bull
2024-01-12,1154.7,1.0,0.0,0.0,Bull
2024-01-15,1154.12,1.0,0.0,0.0,Bull
2024-01-17,1162.53,1.0,0.0,0.0,Bull
2024-01-18,1169.06,1.0,0.0,0.0,Bull
2024-01-19,1181.5,1.0,0.0,0.0,Bull
2024-01-22,1182.86,1.0,0.0,0.0,Bull
2024-01-23,1177.5,1.0,0.0,0.0,Bull
2024-01-24,1172.97,1.0,0.0,0.0,Bull
2024-01-25,1170.37,1.0,0.0,0.0,Bull
2024-01-26,1175.67,1.0,0.0,0.0,Bull
2024-01-29,1175.69,1.0,0.0,0.0,Bull
2024-01-30,1179.65,1.0,0.0,0.0,Bull
2024-01-31,1164.31,1.0,0.0,0.0,Bull
2024-02-01,1173.02,1.0,0.0,0.0,Bull
2024-02-02,1172.55,1.0,0.0,0.0,Bull
2024-02-05,1186.06,1.0,0.0,0.0,Bull
2024-02-06,1188.48,1.0,0.0,0.0,Bull
2024-02-07,1198.53,1.0,0.0,0.0,Bull
2024-02-15,1202.5,1.0,0.0,0.0,Bull
2024-02-16,1209.7,1.0,0.0,0.0,Bull
2024-02-19,1224.97,1.0,0.0,0.0,Bull
2024-02-20,1230.06,1.0,0.0,0.0,Bull
2024-02-21,1230.04,1.0,0.0,0.0,Bull
2024-02-22,1227.31,1.0,0.0,0.0,Bull
2024-02-23,1212.0,1.0,0.0,0.0,Bull
2024-02-26,1224.17,1.0,0.0,0.0,Bull
2024-02-27,1237.46,1.0,0.0,0.0,Bull
2024-02-28,1254.55,1.0,0.0,0.0,Bull
2024-02-29,1252.73,1.0,0.0,0.0,Bull
2024-03-01,1258.28,1.0,0.0,0.0,Bull
2024-03-04,1261.41,1.0,0.0,0.0,Bull
2024-03-05,1269.98,1.0,0.0,0.0,Bull
2024-03-06,1262.73,1.0,0.0,0.0,Bull
2024-03-07,1268.46,1.0,0.0,0.0,Bull
2024-03-08,1247.35,1.0,0.0,0.0,Bull
2024-03-11,1235.49,1.0,0.0,0.0,Bull
2024-03-12,1245.0,1.0,0.0,0.0,Bull
2024-03-13,1270.51,1.0,0.0,0.0,Bull
2024-03-14,1264.26,1.0,0.0,0.0,Bull
2024-03-15,1263.78,1.0,0.0,0.0,Bull
2024-03-18,1243.56,1.0,0.0,0.0,Bull
2024-03-19,1242.46,1.0,0.0,0.0,Bull
2024-03-20,1260.08,1.0,0.0,0.0,Bull
2024-03-21,1276.42,1.0,0.0,0.0,Bull
2024-03-22,1281.8,1.0,0.0,0.0,Bull
2024-03-25,1267.86,1.0,0.0,0.0,Bull
2024-03-26,1282.21,1.0,0.0,0.0,Bull
2024-03-27,1283.09,1.0,0.0,0.0,Bull
2024-03-28,1290.18,1.0,0.0,0.0,Bull
2024-03-29,1284.09,1.0,0.0,0.0,Bull
2024-04-01,1281.52,0.95,0.05,0.0,Bull
2024-04-02,1287.04,0.9,0.1,0.0,Bull
2024-04-03,1271.47,0.8,0.2,0.0,Bull
2024-04-04,1268.25,0.7,0.3,0.0,Bull
2024-04-05,1255.11,0.6,0.4,0.0,Bull
2024-04-08,1250.35,0.5,0.5,0.0,Bull
2024-04-09,1262.82,0.45,0.55,0.0,Neutral
2024-04-10,1258.56,0.4,0.6,0.0,Neutral
2024-04-11,1258.2,0.35,0.6,0.05,Neutral
2024-04-12,1276.6,0.3,0.55,0.15,Neutral
2024-04-15,1216.61,0.0,0.55,0.45,Neutral
2024-04-16,1215.68,0.0,0.3,0.7,Bear
2024-04-17,1193.01,0.0,0.1,0.9,Bear
2024-04-19,1174.85,0.0,0.0,1.0,Bear
2024-04-22,1190.22,0.0,0.0,1.0,Bear
2024-04-23,1177.4,0.0,0.0,1.0,Bear
2024-04-24,1205.61,0.0,0.1,0.9,Bear
2024-04-25,1204.97,0.0,0.25,0.75,Bear
2024-04-26,1209.52,0.0,0.4,0.6,Bear
2024-05-02,1216.36,0.0,0.6,0.4,Neutral
2024-05-03,1221.03,0.0,0.75,0.25,Neutral
2024-05-06,1241.58,0.0,0.9,0.1,Neutral
2024-05-07,1248.63,0.0,1.0,0.0,Neutral
2024-05-08,1250.46,0.0,1.0,0.0,Neutral
2024-05-09,1248.64,0.0,1.0,0.0,Neutral
2024-05-10,1244.7,0.0,1.0,0.0,Neutral
2024-05-13,1240.18,0.0,1.0,0.0,Neutral
2024-05-14,1243.28,0.0,1.0,0.0,Neutral
2024-05-15,1254.39,0.0,1.0,0.0,Neutral
2024-05-16,1268.78,0.0,1.0,0.0,Neutral
2024-05-17,1273.11,0.0,1.0,0.0,Neutral
2024-05-20,1277.58,0.0,1.0,0.0,Neutral
2024-05-21,1277.14,0.0,1.0,0.0,Neutral
2024-05-22,1266.91,0.0,1.0,0.0,Neutral
2024-05-23,1281.03,0.0,1.0,0.0,Neutral
2024-05-24,1261.93,0.0,1.0,0.0,Neutral
2024-05-27,1267.68,0.0,1.0,0.0,Neutral
2024-05-28,1281.73,0.0,1.0,0.0,Neutral
2024-05-29,1272.64,0.0,1.0,0.0,Neutral
2024-05-30,1266.32,0.0,1.0,0.0,Neutral
2024-05-31,1261.72,0.0,1.0,0.0,Neutral
2024-06-03,1280.0,0.0,1.0,0.0,Neutral
2024-06-04,1283.52,0.0,1.0,0.0,Neutral
2024-06-05,1284.35,0.0,1.0,0.0,Neutral
2024-06-06,1283.56,0.0,1.0,0.0,Neutral
2024-06-07,1287.58,0.0,1.0,0.0,Neutral
2024-06-10,1290.67,0.0,1.0,0.0,Neutral
2024-06-11,1284.41,0.0,1.0,0.0,Neutral
2024-06-12,1300.19,0.0,1.0,0.0,Neutral
2024-06-13,1301.51,0.0,1.0,0.0,Neutral
2024-06-14,1279.91,0.0,1.0,0.0,Neutral
2024-06-17,1274.77,0.0,1.0,0.0,Neutral
2024-06-18,1279.5,0.0,1.0,0.0,Neutral
2024-06-19,1279.79,0.0,1.0,0.0,Neutral
2024-06-20,1282.3,0.0,1.0,0.0,Neutral
2024-06-21,1282.02,0.0,1.0,0.0,Neutral
2024-06-24,1254.12,0.0,1.0,0.0,Neutral
2024-06-25,1256.56,0.0,1.0,0.0,Neutral
2024-06-26,1261.24,0.0,1.0,0.0,Neutral
2024-06-27,1259.09,0.0,1.0,0.0,Neutral
2024-06-28,1245.32,0.0,1.0,0.0,Neutral
2024-07-01,1254.56,0.0,1.0,0.0,Neutral
2024-07-02,1269.79,0.0,1.0,0.0,Neutral
2024-07-03,1276.85,0.0,1.0,0.0,Neutral
2024-07-04,1279.89,0.0,1.0,0.0,Neutral
2024-07-05,1283.04,0.0,1.0,0.0,Neutral
2024-07-08,1283.56,0.0,1.0,0.0,Neutral
2024-07-09,1293.71,0.0,1.0,0.0,Neutral
2024-07-10,1285.94,0.0,1.0,0.0,Neutral
2024-07-11,1283.8,0.0,1.0,0.0,Neutral
2024-07-12,1280.75,0.0,1.0,0.0,Neutral
2024-07-15,1279.82,0.0,1.0,0.0,Neutral
2024-07-16,1281.18,0.0,1.0,0.0,Neutral
2024-07-17,1268.66,0.0,1.0,0.0,Neutral
2024-07-18,1274.44,0.0,1.0,0.0,Neutral
2024-07-19,1264.78,0.0,1.0,0.0,Neutral
2024-07-22,1254.64,0.0,1.0,0.0,Neutral
2024-07-23,1231.81,0.0,0.95,0.05,Neutral
2024-07-24,1238.47,0.0,0.95,0.05,Neutral
2024-07-25,1233.19,0.0,0.95,0.05,Neutral
2024-07-26,1242.11,0.0,1.0,0.0,Neutral
2024-07-29,1246.6,0.0,1.0,0.0,Neutral
2024-07-30,1245.06,0.0,1.0,0.0,Neutral
2024-07-31,1251.51,0.0,1.0,0.0,Neutral
2024-08-01,1226.96,0.0,0.9,0.1,Neutral
2024-08-02,1236.6,0.0,0.8,0.2,Neutral
2024-08-05,1188.07,0.0,0.65,0.35,Neutral
2024-08-06,1210.28,0.0,0.6,0.4,Neutral
2024-08-07,1215.88,0.0,0.6,0.4,Neutral
2024-08-08,1208.32,0.0,0.65,0.35,Neutral
2024-08-09,1223.64,0.0,0.75,0.25,Neutral
2024-08-12,1230.28,0.0,0.85,0.15,Neutral
2024-08-13,1230.42,0.0,0.95,0.05,Neutral
2024-08-14,1230.36,0.0,1.0,0.0,Neutral
2024-08-15,1223.56,0.0,1.0,0.0,Neutral
2024-08-16,1252.23,0.05,0.95,0.0,Neutral
2024-08-19,1261.62,0.15,0.85,0.0,Neutral
2024-08-20,1272.55,0.25,0.75,0.0,Neutral
2024-08-21,1284.05,0.35,0.65,0.0,Neutral
2024-08-22,1282.78,0.4,0.6,0.0,Neutral
2024-08-23,1285.32,0.4,0.6,0.0,Neutral
2024-08-26,1280.02,0.35,0.65,0.0,Neutral
2024-08-27,1280.56,0.3,0.7,0.0,Neutral
2024-08-28,1281.44,0.25,0.75,0.0,Neutral
2024-08-29,1281.47,0.15,0.85,0.0,Neutral
2024-08-30,1283.87,0.1,0.9,0.0,Neutral
2024-09-04,1275.8,0.05,0.95,0.0,Neutral
2024-09-05,1268.21,0.0,1.0,0.0,Neutral
2024-09-06,1273.96,0.0,1.0,0.0,Neutral
2024-09-09,1267.73,0.0,1.0,0.0,Neutral
2024-09-10,1255.23,0.0,1.0,0.0,Neutral
2024-09-11,1253.27,0.0,1.0,0.0,Neutral
2024-09-12,1256.35,0.0,1.0,0.0,Neutral
2024-09-13,1251.71,0.0,1.0,0.0,Neutral
2024-09-16,1239.26,0.0,1.0,0.0,Neutral
2024-09-17,1258.95,0.0,1.0,0.0,Neutral
2024-09-18,1264.9,0.0,1.0,0.0,Neutral
2024-09-19,1271.27,0.0,1.0,0.0,Neutral
2024-09-20,1272.04,0.0,1.0,0.0,Neutral
2024-09-23,1268.48,0.0,1.0,0.0,Neutral
2024-09-24,1276.99,0.0,1.0,0.0,Neutral
2024-09-25,1287.48,0.0,1.0,0.0,Neutral
2024-09-26,1291.49,0.0,1.0,0.0,Neutral
2024-09-27,1290.92,0.0,1.0,0.0,Neutral
2024-09-30,1287.94,0.0,1.0,0.0,Neutral
2024-10-01,1292.2,0.0,1.0,0.0,Neutral
2024-10-02,1287.84,0.0,1.0,0.0,Neutral
2024-10-03,1278.1,0.0,1.0,0.0,Neutral
2024-10-04,1270.6,0.0,1.0,0.0,Neutral
2024-10-07,1269.93,0.0,1.0,0.0,Neutral
2024-10-08,1271.98,0.0,1.0,0.0,Neutral
2024-10-09,1281.85,0.0,1.0,0.0,Neutral
2024-10-10,1286.36,0.0,1.0,0.0,Neutral
2024-10-11,1288.39,0.0,1.0,0.0,Neutral
2024-10-14,1286.34,0.0,1.0,0.0,Neutral
2024-10-15,1281.08,0.0,1.0,0.0,Neutral
2024-10-16,1279.48,0.0,1.0,0.0,Neutral
2024-10-17,1286.52,0.0,1.0,0.0,Neutral
2024-10-18,1285.46,0.0,1.0,0.0,Neutral
2024-10-21,1279.77,0.0,1.0,0.0,Neutral
2024-10-22,1269.89,0.0,1.0,0.0,Neutral
2024-10-23,1270.9,0.0,1.0,0.0,Neutral
2024-10-24,1257.41,0.0,1.0,0.0,Neutral
2024-10-25,1252.72,0.0,1.0,0.0,Neutral
2024-10-28,1254.77,0.0,1.0,0.0,Neutral
2024-10-29,1261.78,0.0,1.0,0.0,Neutral
2024-10-30,1258.63,0.0,1.0,0.0,Neutral
2024-10-31,1264.48,0.0,1.0,0.0,Neutral
2024-11-01,1254.89,0.0,1.0,0.0,Neutral
2024-11-04,1244.71,0.0,1.0,0.0,Neutral
2024-11-05,1245.76,0.0,1.0,0.0,Neutral
2024-11-06,1261.28,0.0,1.0,0.0,Neutral
2024-11-07,1259.75,0.0,1.0,0.0,Neutral
2024-11-08,1252.56,0.0,1.0,0.0,Neutral
2024-11-11,1250.32,0.0,1.0,0.0,Neutral
2024-11-12,1244.82,0.0,1.0,0.0,Neutral
2024-11-13,1246.04,0.0,1.0,0.0,Neutral
2024-11-14,1231.89,0.0,0.9,0.1,Neutral
2024-11-15,1218.57,0.0,0.75,0.25,Neutral
2024-11-18,1217.12,0.0,0.65,0.35,Neutral
2024-11-19,1205.15,0.0,0.6,0.4,Neutral
2024-11-20,1216.54,0.0,0.65,0.35,Neutral
2024-11-21,1228.33,0.0,0.75,0.25,Neutral
2024-11-22,1228.1,0.0,0.85,0.15,Neutral
2024-11-25,1234.7,0.0,0.95,0.05,Neutral
2024-11-26,1242.13,0.0,1.0,0.0,Neutral
2024-11-27,1241.97,0.0,1.0,0.0,Neutral
2024-11-28,1242.11,0.0,1.0,0.0,Neutral
2024-11-29,1250.46,0.0,1.0,0.0,Neutral
2024-12-02,1251.21,0.0,1.0,0.0,Neutral
2024-12-03,1249.83,0.0,1.0,0.0,Neutral
2024-12-04,1240.41,0.0,1.0,0.0,Neutral
2024-12-05,1267.53,0.0,1.0,0.0,Neutral
2024-12-06,1270.14,0.0,1.0,0.0,Neutral
2024-12-09,1273.84,0.0,1.0,0.0,Neutral
2024-12-10,1272.07,0.0,1.0,0.0,Neutral
2024-12-11,1268.86,0.0,1.0,0.0,Neutral
2024-12-12,1267.35,0.0,1.0,0.0,Neutral
2024-12-13,1262.57,0.0,1.0,0.0,Neutral
2024-12-16,1263.79,0.0,1.0,0.0,Neutral
2024-12-17,1261.72,0.0,1.0,0.0,Neutral
2024-12-18,1266.0,0.0,1.0,0.0,Neutral
2024-12-19,1254.67,0.0,1.0,0.0,Neutral
2024-12-20,1257.5,0.0,1.0,0.0,Neutral
2024-12-23,1262.76,0.0,1.0,0.0,Neutral
2024-12-24,1260.36,0.0,1.0,0.0,Neutral
2024-12-25,1274.04,0.0,1.0,0.0,Neutral
2024-12-26,1272.87,0.0,1.0,0.0,Neutral
2024-12-27,1275.14,0.0,1.0,0.0,Neutral
2024-12-30,1272.02,0.0,1.0,0.0,Neutral
2024-12-31,1266.78,0.0,1.0,0.0,Neutral
2025-01-02,1269.71,0.0,1.0,0.0,Neutral
2025-01-03,1254.59,0.0,1.0,0.0,Neutral
2025-01-06,1246.35,0.0,0.95,0.05,Neutral
2025-01-07,1246.95,0.0,0.95,0.05,Neutral
2025-01-08,1251.02,0.0,0.95,0.05,Neutral
2025-01-09,1245.77,0.0,1.0,0.0,Neutral
2025-01-10,1230.48,0.0,1.0,0.0,Neutral
2025-01-13,1235.65,0.0,1.0,0.0,Neutral
2025-01-14,1229.07,0.0,1.0,0.0,Neutral
2025-01-15,1236.18,0.0,1.0,0.0,Neutral
2025-01-16,1242.36,0.0,1.0,0.0,Neutral
2025-01-17,1249.11,0.0,1.0,0.0,Neutral
2025-01-20,1249.55,0.0,1.0,0.0,Neutral
2025-01-21,1246.09,0.0,1.0,0.0,Neutral
2025-01-22,1242.53,0.0,1.0,0.0,Neutral
2025-01-23,1259.63,0.0,1.0,0.0,Neutral
2025-01-24,1265.05,0.0,1.0,0.0,Neutral
2025-02-03,1253.03,0.0,1.0,0.0,Neutral
2025-02-04,1264.68,0.0,1.0,0.0,Neutral
2025-02-05,1269.61,0.0,1.0,0.0,Neutral
2025-02-06,1271.48,0.0,1.0,0.0,Neutral
2025-02-07,1275.2,0.0,1.0,0.0,Neutral
2025-02-10,1263.26,0.0,1.0,0.0,Neutral
2025-02-11,1268.45,0.0,1.0,0.0,Neutral
2025-02-12,1266.91,0.0,1.0,0.0,Neutral
2025-02-13,1270.35,0.05,0.95,0.0,Neutral
2025-02-14,1276.08,0.15,0.85,0.0,Neutral
2025-02-17,1272.72,0.25,0.75,0.0,Neutral
2025-02-18,1278.14,0.4,0.6,0.0,Neutral
2025-02-19,1288.56,0.55,0.45,0.0,Bull
2025-02-20,1292.98,0.7,0.3,0.0,Bull
2025-02-21,1296.75,0.85,0.15,0.0,Bull
2025-02-24,1304.56,0.95,0.05,0.0,Bull
2025-02-25,1303.16,1.0,0.0,0.0,Bull
2025-02-26,1302.96,1.0,0.0,0.0,Bull
2025-02-27,1307.8,1.0,0.0,0.0,Bull
2025-02-28,1305.36,1.0,0.0,0.0,Bull
2025-03-03,1309.37,1.0,0.0,0.0,Bull
2025-03-04,1311.91,1.0,0.0,0.0,Bull
2025-03-05,1304.71,1.0,0.0,0.0,Bull
2025-03-06,1318.22,1.0,0.0,0.0,Bull
2025-03-07,1326.05,1.0,0.0,0.0,Bull
2025-03-10,1330.28,1.0,0.0,0.0,Bull
2025-03-11,1332.54,1.0,0.0,0.0,Bull
2025-03-12,1334.41,1.0,0.0,0.0,Bull
2025-03-13,1326.27,1.0,0.0,0.0,Bull
2025-03-14,1326.15,1.0,0.0,0.0,Bull
2025-03-17,1336.26,1.0,0.0,0.0,Bull
2025-03-18,1330.97,1.0,0.0,0.0,Bull
2025-03-19,1324.63,1.0,0.0,0.0,Bull
2025-03-20,1323.93,1.0,0.0,0.0,Bull
2025-03-21,1321.88,1.0,0.0,0.0,Bull
2025-03-24,1330.32,1.0,0.0,0.0,Bull
2025-03-25,1331.92,0.95,0.05,0.0,Bull
2025-03-26,1326.09,0.9,0.1,0.0,Bull
2025-03-27,1323.81,0.8,0.2,0.0,Bull
2025-03-28,1317.46,0.7,0.3,0.0,Bull
2025-03-31,1306.86,0.6,0.3,0.1,Bull
2025-04-01,1317.33,0.45,0.3,0.25,Bull
2025-04-02,1317.83,0.2,0.3,0.5,Bear
2025-04-03,1229.84,0.0,0.15,0.85,Bear
2025-04-04,1210.67,0.0,0.0,1.0,Bear
2025-04-08,1132.79,0.0,0.0,1.0,Bear
2025-04-09,1094.3,0.0,0.0,1.0,Bear
2025-04-10,1168.34,0.0,0.0,1.0,Bear
2025-04-11,1222.46,0.0,0.0,1.0,Bear
2025-04-14,1241.44,0.0,0.0,1.0,Bear
2025-04-15,1227.79,0.0,0.0,1.0,Bear
2025-04-16,1210.3,0.0,0.0,1.0,Bear
2025-04-17,1217.25,0.0,0.0,1.0,Bear
2025-04-18,1219.12,0.0,0.15,0.85,Bear
2025-04-21,1207.07,0.0,0.3,0.7,Bear
2025-04-22,1197.13,0.0,0.45,0.55,Bear
2025-04-23,1211.0,0.0,0.65,0.35,Neutral
2025-04-24,1223.35,0.0,0.8,0.2,Neutral
2025-04-25,1229.23,0.0,0.9,0.1,Neutral
2025-04-28,1226.8,0.05,0.9,0.05,Neutral
2025-04-29,1226.3,0.1,0.9,0.0,Neutral
2025-05-05,1240.05,0.15,0.85,0.0,Neutral
2025-05-06,1241.95,0.25,0.75,0.0,Neutral
2025-05-07,1250.37,0.35,0.65,0.0,Neutral
2025-05-08,1269.8,0.5,0.5,0.0,Bull
2025-05-09,1267.3,0.65,0.35,0.0,Bull
2025-05-12,1283.26,0.8,0.2,0.0,Bull
2025-05-13,1293.43,0.9,0.1,0.0,Bull
2025-05-14,1309.73,1.0,0.0,0.0,Bull
2025-05-15,1313.2,1.0,0.0,0.0,Bull
2025-05-16,1301.39,1.0,0.0,0.0,Bull
2025-05-19,1296.29,1.0,0.0,0.0,Bull
2025-05-20,1315.15,1.0,0.0,0.0,Bull
2025-05-21,1323.05,1.0,0.0,0.0,Bull
2025-05-22,1313.84,1.0,0.0,0.0,Bull
2025-05-23,1314.46,1.0,0.0,0.0,Bull
2025-05-26,1332.51,1.0,0.0,0.0,Bull
2025-05-27,1339.81,1.0,0.0,0.0,Bull
2025-05-28,1341.87,1.0,0.0,0.0,Bull
2025-05-29,1341.86,1.0,0.0,0.0,Bull
2025-05-30,1332.6,1.0,0.0,0.0,Bull
2025-06-02,1336.3,0.95,0.05,0.0,Bull
2025-06-03,1347.25,0.9,0.1,0.0,Bull
2025-06-04,1345.74,0.8,0.2,0.0,Bull
2025-06-05,1342.09,0.7,0.3,0.0,Bull
2025-06-06,1329.89,0.6,0.4,0.0,Bull
2025-06-09,1310.57,0.5,0.5,0.0,Bull
2025-06-10,1316.23,0.45,0.55,0.0,Neutral
2025-06-11,1315.2,0.45,0.55,0.0,Neutral
2025-06-12,1322.99,0.5,0.5,0.0,Bull
2025-06-13,1315.49,0.55,0.45,0.0,Bull
2025-06-16,1338.11,0.65,0.35,0.0,Bull
2025-06-17,1347.69,0.75,0.25,0.0,Bull
2025-06-18,1346.83,0.85,0.15,0.0,Bull
2025-06-19,1352.04,0.9,0.1,0.0,Bull
2025-06-20,1349.35,0.95,0.05,0.0,Bull
2025-06-23,1358.18,1.0,0.0,0.0,Bull
2025-06-24,1366.77,1.0,0.0,0.0,Bull
2025-06-25,1366.75,1.0,0.0,0.0,Bull
2025-06-26,1365.67,1.0,0.0,0.0,Bull
2025-06-27,1371.44,1.0,0.0,0.0,Bull
2025-06-30,1376.07,1.0,0.0,0.0,Bull
2025-07-01,1377.84,1.0,0.0,0.0,Bull
2025-07-02,1384.59,1.0,0.0,0.0,Bull
2025-07-03,1381.96,1.0,0.0,0.0,Bull
2025-07-04,1386.97,1.0,0.0,0.0,Bull
2025-07-07,1402.06,1.0,0.0,0.0,Bull
2025-07-08,1415.46,1.0,0.0,0.0,Bull
2025-07-09,1431.32,1.0,0.0,0.0,Bull
2025-07-10,1445.64,1.0,0.0,0.0,Bull
2025-07-11,1457.76,1.0,0.0,0.0,Bull
2025-07-14,1470.42,1.0,0.0,0.0,Bull
2025-07-15,1460.65,1.0,0.0,0.0,Bull
2025-07-16,1475.47,1.0,0.0,0.0,Bull
2025-07-17,1490.01,1.0,0.0,0.0,Bull
2025-07-21,1485.05,1.0,0.0,0.0,Bull
2025-07-22,1509.54,1.0,0.0,0.0,Bull
2025-08-01,1495.21,1.0,0.0,0.0,Bull
2025-08-04,1528.19,1.0,0.0,0.0,Bull
2025-08-05,1547.15,1.0,0.0,0.0,Bull
2025-08-06,1573.71,1.0,0.0,0.0,Bull
2025-08-07,1581.81,1.0,0.0,0.0,Bull
2025-08-08,1584.95,1.0,0.0,0.0,Bull
2025-08-11,1596.86,1.0,0.0,0.0,Bull
2025-08-15,1630.0,1.0,0.0,0.0,Bull
2025-08-22,1645.47,1.0,0.0,0.0,Bull
2025-08-25,1614.03,1.0,0.0,0.0,Bull
2025-08-26,1667.63,1.0,0.0,0.0,Bull
2025-08-27,1672.78,1.0,0.0,0.0,Bull
2025-09-05,1666.97,1.0,0.0,0.0,Bull
2025-09-08,1624.53,1.0,0.0,0.0,Bull
2025-09-09,1637.32,1.0,0.0,0.0,Bull
2025-09-10,1643.26,1.0,0.0,0.0,Bull
2025-09-11,1657.75,0.95,0.05,0.0,Bull
2025-09-12,1667.26,0.9,0.1,0.0,Bull
2025-09-15,1684.9,0.8,0.2,0.0,Bull
2025-09-16,1680.9,0.7,0.3,0.0,Bull
2025-09-17,1670.97,0.55,0.45,0.0,Bull
2025-09-18,1665.18,0.4,0.6,0.0,Neutral
2025-09-19,1658.62,0.25,0.75,0.0,Neutral
2025-09-22,1634.45,0.1,0.9,0.0,Neutral
2025-09-23,1635.26,0.0,1.0,0.0,Neutral
2025-09-24,1657.46,0.0,1.0,0.0,Neutral
2025-09-25,1666.09,0.0,1.0,0.0,Neutral
2025-09-26,1660.7,0.0,1.0,0.0,Neutral
2025-09-29,1666.48,0.0,1.0,0.0,Neutral
2025-09-30,1661.7,0.0,1.0,0.0,Neutral
2025-10-01,1665.05,0.0,1.0,0.0,Neutral
2025-10-02,1652.71,0.0,1.0,0.0,Neutral
2025-10-03,1645.82,0.0,1.0,0.0,Neutral
2025-10-06,1695.5,0.0,1.0,0.0,Neutral
2025-10-07,1685.3,0.05,0.95,0.0,Neutral
2025-10-08,1697.83,0.15,0.85,0.0,Neutral
2025-10-09,1716.47,0.25,0.75,0.0,Neutral
2025-10-10,1747.55,0.35,0.65,0.0,Neutral
2025-10-13,1765.12,0.45,0.55,0.0,Neutral
2025-10-14,1761.06,0.5,0.5,0.0,Bull
2025-10-15,1757.95,0.45,0.55,0.0,Neutral
2025-10-16,1766.85,0.4,0.6,0.0,Neutral
2025-10-17,1731.19,0.3,0.7,0.0,Neutral
2025-10-20,1636.43,0.1,0.7,0.2,Neutral
2025-10-21,1663.43,0.0,0.7,0.3,Neutral
2025-10-22,1678.5,0.0,0.7,0.3,Neutral
2025-10-23,1687.06,0.0,0.75,0.25,Neutral
2025-10-24,1683.18,0.0,0.8,0.2,Neutral
2025-10-27,1652.54,0.0,0.85,0.15,Neutral
2025-10-28,1680.5,0.0,0.95,0.05,Neutral
2025-10-29,1685.83,0.0,1.0,0.0,Neutral
2025-10-30,1669.57,0.0,1.0,0.0,Neutral
2025-10-31,1639.65,0.0,1.0,0.0,Neutral
2025-11-03,1617.0,0.0,1.0,0.0,Neutral
2025-11-04,1651.98,0.0,1.0,0.0,Neutral
2025-11-05,1654.89,0.0,1.0,0.0,Neutral
2025-11-06,1642.64,0.0,0.95,0.05,Neutral
2025-11-07,1599.1,0.0,0.85,0.15,Neutral
2025-11-10,1580.54,0.0,0.75,0.25,Neutral
2025-11-11,1593.61,0.0,0.75,0.25,Neutral
2025-11-12,1631.86,0.0,0.8,0.2,Neutral
2025-11-13,1631.44,0.0,0.85,0.15,Neutral
2025-11-14,1635.46,0.0,0.95,0.05,Neutral
2025-11-17,1654.42,0.0,1.0,0.0,Neutral
2025-11-18,1659.92,0.0,1.0,0.0,Neutral
2025-11-19,1649.0,0.0,1.0,0.0,Neutral
2025-11-20,1655.99,0.0,1.0,0.0,Neutral
2025-11-21,1654.93,0.0,1.0,0.0,Neutral
2025-11-24,1667.98,0.0,1.0,0.0,Neutral
2025-11-25,1660.36,0.0,1.0,0.0,Neutral
2025-11-26,1680.36,0.0,1.0,0.0,Neutral
2025-11-27,1684.32,0.0,1.0,0.0,Neutral
2025-11-28,1690.99,0.0,1.0,0.0,Neutral
2025-12-01,1701.67,0.0,1.0,0.0,Neutral
2025-12-02,1717.06,0.0,1.0,0.0,Neutral
2025-12-03,1731.77,0.05,0.95,0.0,Neutral
2025-12-04,1737.24,0.1,0.9,0.0,Neutral
2025-12-05,1741.32,0.1,0.9,0.0,Neutral
2025-12-09,1747.17,0.05,0.95,0.0,Neutral
2025-12-10,1718.98,0.0,1.0,0.0,Neutral
2025-12-11,1698.9,0.0,1.0,0.0,Neutral
2025-12-12,1646.89,0.0,0.85,0.15,Neutral
2025-12-15,1646.01,0.0,0.8,0.2,Neutral
2025-12-16,1679.18,0.0,0.8,0.2,Neutral
2025-12-17,1673.66,0.0,0.8,0.2,Neutral
2025-12-18,1676.98,0.05,0.8,0.15,Neutral
2025-12-19,1704.31,0.2,0.8,0.0,Neutral
2025-12-22,1751.03,0.35,0.65,0.0,Neutral
2025-12-23,1772.15,0.5,0.5,0.0,Bull
2025-12-24,1782.82,0.6,0.4,0.0,Bull
2025-12-25,1742.85,0.7,0.3,0.0,Bull
2025-12-26,1729.8,0.75,0.25,0.0,Bull
2025-12-29,1754.84,0.85,0.15,0.0,Bull
2025-12-30,1766.9,0.9,0.1,0.0,Bull
2025-12-31,1784.49,0.95,0.05,0.0,Bull
2026-01-05,1788.4,1.0,0.0,0.0,Bull
2026-01-06,1816.27,1.0,0.0,0.0,Bull
2026-01-07,1861.58,1.0,0.0,0.0,Bull
2026-01-08,1855.56,1.0,0.0,0.0,Bull
2026-01-09,1867.9,1.0,0.0,0.0,Bull
2026-01-12,1877.33,1.0,0.0,0.0,Bull
2026-01-13,1902.93,1.0,0.0,0.0,Bull
2026-01-14,1894.44,1.0,0.0,0.0,Bull
2026-01-15,1864.8,1.0,0.0,0.0,Bull
2026-01-16,1879.13,1.0,0.0,0.0,Bull
2026-01-19,1896.59,1.0,0.0,0.0,Bull
2026-01-20,1893.78,1.0,0.0,0.0,Bull
2026-01-21,1885.44,0.95,0.05,0.0,Bull
2026-01-22,1882.73,0.9,0.1,0.0,Bull
2026-01-23,1870.79,0.8,0.2,0.0,Bull
2026-01-26,1843.72,0.65,0.35,0.0,Bull
2026-01-27,1830.5,0.5,0.5,0.0,Bull
2026-01-28,1802.91,0.35,0.65,0.0,Neutral
2026-01-29,1814.98,0.25,0.75,0.0,Neutral
2026-01-30,1829.04,0.15,0.85,0.0,Neutral
2026-02-02,1806.5,0.05,0.95,0.0,Neutral
2026-02-03,1813.4,0.0,1.0,0.0,Neutral
2026-02-04,1791.43,0.0,1.0,0.0,Neutral
2026-02-05,1782.56,0.0,1.0,0.0,Neutral
2026-02-06,1755.49,0.0,0.95,0.05,Neutral
2026-02-09,1754.82,0.0,0.9,0.1,Neutral
2026-02-10,1754.03,0.0,0.9,0.1,Neutral
2026-02-11,1796.85,0.0,0.95,0.05,Neutral
2026-02-12,1814.09,0.0,1.0,0.0,Neutral
2026-02-13,1824.09,0.0,1.0,0.0,Neutral
2026-02-23,1860.14,0.0,1.0,0.0,Neutral
2026-02-24,1867.62,0.05,0.95,0.0,Neutral
2026-02-25,1860.91,0.1,0.9,0.0,Neutral
2026-02-26,1879.64,0.1,0.9,0.0,Neutral
2026-02-27,1880.33,0.1,0.9,0.0,Neutral
2026-03-02,1846.1,0.05,0.95,0.0,Neutral
2026-03-03,1813.14,0.0,0.95,0.05,Neutral
2026-03-04,1818.27,0.0,0.8,0.2,Neutral
2026-03-05,1808.51,0.0,0.6,0.4,Neutral
2026-03-06,1767.84,0.0,0.3,0.7,Bear
2026-03-09,1652.79,0.0,0.0,1.0,Bear
2026-03-10,1676.73,0.0,0.0,1.0,Bear
2026-03-11,1728.34,0.0,0.0,1.0,Bear
2026-03-12,1709.61,0.0,0.0,1.0,Bear
2026-03-13,1696.24,0.0,0.0,1.0,Bear
2026-03-16,1693.21,0.0,0.0,1.0,Bear
2026-03-17,1710.29,0.0,0.0,1.0,Bear
2026-03-18,1713.83,0.0,0.05,0.95,Bear
2026-03-19,1699.13,0.0,0.05,0.95,Bear
2026-03-20,1647.81,0.0,0.0,1.0,Bear
2026-03-23,1591.17,0.0,0.0,1.0,Bear
2026-03-24,1614.77,0.0,0.0,1.0,Bear
2026-03-25,1658.19,0.0,0.0,1.0,Bear
2026-03-26,1644.63,0.0,0.1,0.9,Bear
2026-03-27,1672.8,0.0,0.25,0.75,Bear
2026-03-30,1662.54,0.0,0.45,0.55,Bear
2026-03-31,1674.49,0.0,0.65,0.35,Neutral
2026-04-01,1702.93,0.0,0.85,0.15,Neutral
2026-04-02,1694.82,0.0,0.95,0.05,Neutral
2026-04-03,1684.04,0.0,1.0,0.0,Neutral
2026-04-06,1674.99,0.0,1.0,0.0,Neutral
2026-04-07,1677.54,0.0,1.0,0.0,Neutral
2026-04-08,1756.55,0.05,0.95,0.0,Neutral
2026-04-09,1736.68,0.15,0.85,0.0,Neutral
2026-04-10,1750.0,0.25,0.75,0.0,Neutral
2026-04-13,1758.96,0.4,0.6,0.0,Neutral
2026-04-14,1775.65,0.55,0.45,0.0,Bull
2026-04-15,1800.65,0.7,0.3,0.0,Bull
2026-04-16,1819.83,0.8,0.2,0.0,Bull
2026-04-17,1817.17,0.9,0.1,0.0,Bull
2026-04-20,1837.11,0.95,0.05,0.0,Bull
2026-04-21,1833.48,1.0,0.0,0.0,Bull
2026-04-22,1857.3,1.0,0.0,0.0,Bull
2026-04-23,1870.36,1.0,0.0,0.0,Bull
2026-04-24,1853.29,1.0,0.0,0.0,Bull
2026-04-28,1875.84,1.0,0.0,0.0,Bull
2026-04-29,1854.1,1.0,0.0,0.0,Bull
2026-05-04,1854.06,1.0,0.0,0.0,Bull
2026-05-05,1874.85,1.0,0.0,0.0,Bull
2026-05-06,1891.2,1.0,0.0,0.0,Bull
2026-05-07,1909.01,1.0,0.0,0.0,Bull
2026-05-08,1915.37,1.0,0.0,0.0,Bull
2026-05-11,1895.5,1.0,0.0,0.0,Bull
2026-05-12,1901.1,1.0,0.0,0.0,Bull
2026-05-13,1898.37,0.95,0.05,0.0,Bull
2026-05-14,1925.46,0.9,0.1,0.0,Bull
2026-05-15,1921.6,0.8,0.2,0.0,Bull
2026-05-18,1927.94,0.7,0.3,0.0,Bull
2026-05-19,1912.93,0.55,0.45,0.0,Bull
2026-05-20,1913.23,0.4,0.6,0.0,Neutral
2026-05-21,1896.89,0.25,0.75,0.0,Neutral
2026-05-22,1877.13,0.15,0.85,0.0,Neutral
2026-05-25,1886.03,0.05,0.95,0.0,Neutral
2026-05-26,1884.18,0.0,1.0,0.0,Neutral
2026-05-27,1874.43,0.0,1.0,0.0,Neutral
2026-05-28,1863.67,0.0,1.0,0.0,Neutral
2026-05-29,1863.49,0.0,1.0,0.0,Neutral
2026-06-01,1844.54,0.0,1.0,0.0,Neutral
2026-06-02,1826.47,0.0,0.95,0.05,Neutral
2026-06-03,1819.01,0.0,0.9,0.1,Neutral
